-- phpMyAdmin SQL Dump
-- version 5.2.1
-- https://www.phpmyadmin.net/
--
-- Host: 127.0.0.1
-- Generation Time: Jun 10, 2026 at 11:58 AM
-- Server version: 10.4.32-MariaDB
-- PHP Version: 8.2.12

SET SQL_MODE = "NO_AUTO_VALUE_ON_ZERO";
START TRANSACTION;
SET time_zone = "+00:00";


/*!40101 SET @OLD_CHARACTER_SET_CLIENT=@@CHARACTER_SET_CLIENT */;
/*!40101 SET @OLD_CHARACTER_SET_RESULTS=@@CHARACTER_SET_RESULTS */;
/*!40101 SET @OLD_COLLATION_CONNECTION=@@COLLATION_CONNECTION */;
/*!40101 SET NAMES utf8mb4 */;

--
-- Database: `webmonitoring_db`
--

-- --------------------------------------------------------

--
-- Table structure for table `customers`
--

CREATE TABLE `customers` (
  `id` bigint(20) UNSIGNED NOT NULL,
  `olt_id` bigint(20) UNSIGNED NOT NULL,
  `month` varchar(255) NOT NULL,
  `year` year(4) NOT NULL,
  `b2c` int(11) NOT NULL,
  `b2b` int(11) NOT NULL,
  `total_customers` int(11) NOT NULL,
  `created_at` timestamp NULL DEFAULT NULL,
  `updated_at` timestamp NULL DEFAULT NULL
) ENGINE=InnoDB DEFAULT CHARSET=utf8mb4 COLLATE=utf8mb4_unicode_ci;

--
-- Dumping data for table `customers`
--

INSERT INTO `customers` (`id`, `olt_id`, `month`, `year`, `b2c`, `b2b`, `total_customers`, `created_at`, `updated_at`) VALUES
(1, 7, 'Januari', '2021', 632, 39, 671, '2026-05-24 10:21:04', '2026-05-24 10:21:04'),
(2, 7, 'Februari', '2021', 624, 40, 664, '2026-05-24 10:21:04', '2026-05-24 10:21:04'),
(3, 7, 'Maret', '2021', 623, 40, 663, '2026-05-24 10:21:04', '2026-05-24 10:21:04'),
(4, 7, 'April', '2021', 619, 39, 658, '2026-05-24 10:21:04', '2026-05-24 10:21:04'),
(5, 7, 'Mei', '2021', 632, 42, 674, '2026-05-24 10:21:04', '2026-05-24 10:21:04'),
(6, 7, 'Juni', '2021', 626, 45, 671, '2026-05-24 10:21:04', '2026-05-24 10:21:04'),
(7, 7, 'Juli', '2021', 631, 44, 675, '2026-05-24 10:21:04', '2026-05-24 10:21:04'),
(8, 7, 'Agustus', '2021', 623, 43, 666, '2026-05-24 10:21:04', '2026-05-24 10:21:04'),
(9, 7, 'September', '2021', 621, 43, 664, '2026-05-24 10:21:04', '2026-05-24 10:21:04'),
(10, 7, 'Oktober', '2021', 629, 46, 675, '2026-05-24 10:21:04', '2026-05-24 10:21:04'),
(11, 7, 'November', '2021', 621, 49, 670, '2026-05-24 10:21:04', '2026-05-24 10:21:04'),
(12, 7, 'Desember', '2021', 619, 52, 671, '2026-05-24 10:21:04', '2026-05-24 10:21:04'),
(13, 8, 'Januari', '2021', 575, 30, 605, '2026-05-24 10:21:04', '2026-05-24 10:21:04'),
(14, 8, 'Februari', '2021', 581, 33, 614, '2026-05-24 10:21:04', '2026-05-24 10:21:04'),
(15, 8, 'Maret', '2021', 581, 32, 613, '2026-05-24 10:21:04', '2026-05-24 10:21:04'),
(16, 8, 'April', '2021', 578, 34, 612, '2026-05-24 10:21:04', '2026-05-24 10:21:04'),
(17, 8, 'Mei', '2021', 580, 35, 615, '2026-05-24 10:21:04', '2026-05-24 10:21:04'),
(18, 8, 'Juni', '2021', 576, 35, 611, '2026-05-24 10:21:04', '2026-05-24 10:21:04'),
(19, 8, 'Juli', '2021', 578, 34, 612, '2026-05-24 10:21:04', '2026-05-24 10:21:04'),
(20, 8, 'Agustus', '2021', 572, 36, 608, '2026-05-24 10:21:04', '2026-05-24 10:21:04'),
(21, 8, 'September', '2021', 567, 37, 604, '2026-05-24 10:21:04', '2026-05-24 10:21:04'),
(22, 8, 'Oktober', '2021', 570, 40, 610, '2026-05-24 10:21:04', '2026-05-24 10:21:04'),
(23, 8, 'November', '2021', 570, 39, 609, '2026-05-24 10:21:04', '2026-05-24 10:21:04'),
(24, 8, 'Desember', '2021', 585, 41, 626, '2026-05-24 10:21:04', '2026-05-24 10:21:04'),
(25, 9, 'Januari', '2021', 709, 27, 736, '2026-05-24 10:21:04', '2026-05-24 10:21:04'),
(26, 9, 'Februari', '2021', 713, 26, 739, '2026-05-24 10:21:04', '2026-05-24 10:21:04'),
(27, 9, 'Maret', '2021', 722, 27, 749, '2026-05-24 10:21:04', '2026-05-24 10:21:04'),
(28, 9, 'April', '2021', 734, 30, 764, '2026-05-24 10:21:04', '2026-05-24 10:21:04'),
(29, 9, 'Mei', '2021', 737, 33, 770, '2026-05-24 10:21:04', '2026-05-24 10:21:04'),
(30, 9, 'Juni', '2021', 735, 32, 767, '2026-05-24 10:21:04', '2026-05-24 10:21:04'),
(31, 9, 'Juli', '2021', 728, 32, 760, '2026-05-24 10:21:04', '2026-05-24 10:21:04'),
(32, 9, 'Agustus', '2021', 729, 31, 760, '2026-05-24 10:21:04', '2026-05-24 10:21:04'),
(33, 9, 'September', '2021', 728, 30, 758, '2026-05-24 10:21:04', '2026-05-24 10:21:04'),
(34, 9, 'Oktober', '2021', 732, 31, 763, '2026-05-24 10:21:04', '2026-05-24 10:21:04'),
(35, 9, 'November', '2021', 738, 32, 770, '2026-05-24 10:21:04', '2026-05-24 10:21:04'),
(36, 9, 'Desember', '2021', 735, 33, 768, '2026-05-24 10:21:04', '2026-05-24 10:21:04'),
(37, 10, 'Januari', '2021', 503, 22, 525, '2026-05-24 10:21:04', '2026-05-24 10:21:04'),
(38, 10, 'Februari', '2021', 516, 23, 539, '2026-05-24 10:21:04', '2026-05-24 10:21:04'),
(39, 10, 'Maret', '2021', 530, 22, 552, '2026-05-24 10:21:04', '2026-05-24 10:21:04'),
(40, 10, 'April', '2021', 541, 22, 563, '2026-05-24 10:21:04', '2026-05-24 10:21:04'),
(41, 10, 'Mei', '2021', 550, 22, 572, '2026-05-24 10:21:04', '2026-05-24 10:21:04'),
(42, 10, 'Juni', '2021', 547, 24, 571, '2026-05-24 10:21:04', '2026-05-24 10:21:04'),
(43, 10, 'Juli', '2021', 551, 25, 576, '2026-05-24 10:21:04', '2026-05-24 10:21:04'),
(44, 10, 'Agustus', '2021', 563, 28, 591, '2026-05-24 10:21:04', '2026-05-24 10:21:04'),
(45, 10, 'September', '2021', 562, 29, 591, '2026-05-24 10:21:04', '2026-05-24 10:21:04'),
(46, 10, 'Oktober', '2021', 555, 29, 584, '2026-05-24 10:21:04', '2026-05-24 10:21:04'),
(47, 10, 'November', '2021', 548, 30, 578, '2026-05-24 10:21:04', '2026-05-24 10:21:04'),
(48, 10, 'Desember', '2021', 552, 31, 583, '2026-05-24 10:21:04', '2026-05-24 10:21:04'),
(49, 11, 'Januari', '2021', 774, 50, 824, '2026-05-24 10:21:04', '2026-05-24 10:21:04'),
(50, 11, 'Februari', '2021', 784, 51, 835, '2026-05-24 10:21:04', '2026-05-24 10:21:04'),
(51, 11, 'Maret', '2021', 782, 53, 835, '2026-05-24 10:21:04', '2026-05-24 10:21:04'),
(52, 11, 'April', '2021', 786, 55, 841, '2026-05-24 10:21:04', '2026-05-24 10:21:04'),
(53, 11, 'Mei', '2021', 782, 56, 838, '2026-05-24 10:21:04', '2026-05-24 10:21:04'),
(54, 11, 'Juni', '2021', 778, 56, 834, '2026-05-24 10:21:04', '2026-05-24 10:21:04'),
(55, 11, 'Juli', '2021', 793, 59, 852, '2026-05-24 10:21:04', '2026-05-24 10:21:04'),
(56, 11, 'Agustus', '2021', 802, 60, 862, '2026-05-24 10:21:04', '2026-05-24 10:21:04'),
(57, 11, 'September', '2021', 817, 63, 880, '2026-05-24 10:21:04', '2026-05-24 10:21:04'),
(58, 11, 'Oktober', '2021', 822, 66, 888, '2026-05-24 10:21:04', '2026-05-24 10:21:04'),
(59, 11, 'November', '2021', 826, 67, 893, '2026-05-24 10:21:04', '2026-05-24 10:21:04'),
(60, 11, 'Desember', '2021', 825, 67, 892, '2026-05-24 10:21:04', '2026-05-24 10:21:04'),
(61, 12, 'Januari', '2021', 398, 17, 415, '2026-05-24 10:21:04', '2026-05-24 10:21:04'),
(62, 12, 'Februari', '2021', 392, 16, 408, '2026-05-24 10:21:04', '2026-05-24 10:21:04'),
(63, 12, 'Maret', '2021', 387, 16, 403, '2026-05-24 10:21:04', '2026-05-24 10:21:04'),
(64, 12, 'April', '2021', 399, 16, 415, '2026-05-24 10:21:04', '2026-05-24 10:21:04'),
(65, 12, 'Mei', '2021', 412, 18, 430, '2026-05-24 10:21:04', '2026-05-24 10:21:04'),
(66, 12, 'Juni', '2021', 423, 17, 440, '2026-05-24 10:21:04', '2026-05-24 10:21:04'),
(67, 12, 'Juli', '2021', 427, 19, 446, '2026-05-24 10:21:04', '2026-05-24 10:21:04'),
(68, 12, 'Agustus', '2021', 438, 21, 459, '2026-05-24 10:21:04', '2026-05-24 10:21:04'),
(69, 12, 'September', '2021', 446, 22, 468, '2026-05-24 10:21:04', '2026-05-24 10:21:04'),
(70, 12, 'Oktober', '2021', 455, 21, 476, '2026-05-24 10:21:04', '2026-05-24 10:21:04'),
(71, 12, 'November', '2021', 468, 20, 488, '2026-05-24 10:21:04', '2026-05-24 10:21:04'),
(72, 12, 'Desember', '2021', 481, 23, 504, '2026-05-24 10:21:04', '2026-05-24 10:21:04'),
(73, 13, 'Januari', '2021', 450, 13, 463, '2026-05-24 10:21:04', '2026-05-24 10:21:04'),
(74, 13, 'Februari', '2021', 445, 14, 459, '2026-05-24 10:21:04', '2026-05-24 10:21:04'),
(75, 13, 'Maret', '2021', 450, 14, 464, '2026-05-24 10:21:04', '2026-05-24 10:21:04'),
(76, 13, 'April', '2021', 456, 13, 469, '2026-05-24 10:21:04', '2026-05-24 10:21:04'),
(77, 13, 'Mei', '2021', 471, 14, 485, '2026-05-24 10:21:04', '2026-05-24 10:21:04'),
(78, 13, 'Juni', '2021', 479, 14, 493, '2026-05-24 10:21:04', '2026-05-24 10:21:04'),
(79, 13, 'Juli', '2021', 487, 13, 500, '2026-05-24 10:21:04', '2026-05-24 10:21:04'),
(80, 13, 'Agustus', '2021', 499, 14, 513, '2026-05-24 10:21:04', '2026-05-24 10:21:04'),
(81, 13, 'September', '2021', 511, 17, 528, '2026-05-24 10:21:04', '2026-05-24 10:21:04'),
(82, 13, 'Oktober', '2021', 522, 17, 539, '2026-05-24 10:21:04', '2026-05-24 10:21:04'),
(83, 13, 'November', '2021', 518, 18, 536, '2026-05-24 10:21:04', '2026-05-24 10:21:04'),
(84, 13, 'Desember', '2021', 515, 21, 536, '2026-05-24 10:21:04', '2026-05-24 10:21:04'),
(85, 14, 'Januari', '2021', 338, 9, 347, '2026-05-24 10:21:04', '2026-05-24 10:21:04'),
(86, 14, 'Februari', '2021', 349, 10, 359, '2026-05-24 10:21:04', '2026-05-24 10:21:04'),
(87, 14, 'Maret', '2021', 356, 9, 365, '2026-05-24 10:21:04', '2026-05-24 10:21:04'),
(88, 14, 'April', '2021', 351, 10, 361, '2026-05-24 10:21:04', '2026-05-24 10:21:04'),
(89, 14, 'Mei', '2021', 352, 10, 362, '2026-05-24 10:21:04', '2026-05-24 10:21:04'),
(90, 14, 'Juni', '2021', 345, 10, 355, '2026-05-24 10:21:04', '2026-05-24 10:21:04'),
(91, 14, 'Juli', '2021', 355, 9, 364, '2026-05-24 10:21:04', '2026-05-24 10:21:04'),
(92, 14, 'Agustus', '2021', 349, 11, 360, '2026-05-24 10:21:04', '2026-05-24 10:21:04'),
(93, 14, 'September', '2021', 343, 14, 357, '2026-05-24 10:21:04', '2026-05-24 10:21:04'),
(94, 14, 'Oktober', '2021', 339, 14, 353, '2026-05-24 10:21:04', '2026-05-24 10:21:04'),
(95, 14, 'November', '2021', 352, 16, 368, '2026-05-24 10:21:04', '2026-05-24 10:21:04'),
(96, 14, 'Desember', '2021', 361, 16, 377, '2026-05-24 10:21:04', '2026-05-24 10:21:04'),
(97, 15, 'Januari', '2021', 420, 23, 443, '2026-05-24 10:21:04', '2026-05-24 10:21:04'),
(98, 15, 'Februari', '2021', 431, 25, 456, '2026-05-24 10:21:04', '2026-05-24 10:21:04'),
(99, 15, 'Maret', '2021', 429, 28, 457, '2026-05-24 10:21:04', '2026-05-24 10:21:04'),
(100, 15, 'April', '2021', 444, 28, 472, '2026-05-24 10:21:04', '2026-05-24 10:21:04'),
(101, 15, 'Mei', '2021', 458, 29, 487, '2026-05-24 10:21:04', '2026-05-24 10:21:04'),
(102, 15, 'Juni', '2021', 462, 30, 492, '2026-05-24 10:21:04', '2026-05-24 10:21:04'),
(103, 15, 'Juli', '2021', 468, 33, 501, '2026-05-24 10:21:04', '2026-05-24 10:21:04'),
(104, 15, 'Agustus', '2021', 474, 32, 506, '2026-05-24 10:21:04', '2026-05-24 10:21:04'),
(105, 15, 'September', '2021', 473, 32, 505, '2026-05-24 10:21:04', '2026-05-24 10:21:04'),
(106, 15, 'Oktober', '2021', 467, 33, 500, '2026-05-24 10:21:04', '2026-05-24 10:21:04'),
(107, 15, 'November', '2021', 459, 36, 495, '2026-05-24 10:21:04', '2026-05-24 10:21:04'),
(108, 15, 'Desember', '2021', 468, 36, 504, '2026-05-24 10:21:04', '2026-05-24 10:21:04'),
(109, 16, 'Januari', '2021', 370, 14, 384, '2026-05-24 10:21:04', '2026-05-24 10:21:04'),
(110, 16, 'Februari', '2021', 362, 13, 375, '2026-05-24 10:21:04', '2026-05-24 10:21:04'),
(111, 16, 'Maret', '2021', 376, 12, 388, '2026-05-24 10:21:05', '2026-05-24 10:21:05'),
(112, 16, 'April', '2021', 375, 11, 386, '2026-05-24 10:21:05', '2026-05-24 10:21:05'),
(113, 16, 'Mei', '2021', 368, 12, 380, '2026-05-24 10:21:05', '2026-05-24 10:21:05'),
(114, 16, 'Juni', '2021', 362, 15, 377, '2026-05-24 10:21:05', '2026-05-24 10:21:05'),
(115, 16, 'Juli', '2021', 361, 16, 377, '2026-05-24 10:21:05', '2026-05-24 10:21:05'),
(116, 16, 'Agustus', '2021', 374, 18, 392, '2026-05-24 10:21:05', '2026-05-24 10:21:05'),
(117, 16, 'September', '2021', 372, 21, 393, '2026-05-24 10:21:05', '2026-05-24 10:21:05'),
(118, 16, 'Oktober', '2021', 368, 24, 392, '2026-05-24 10:21:05', '2026-05-24 10:21:05'),
(119, 16, 'November', '2021', 378, 26, 404, '2026-05-24 10:21:05', '2026-05-24 10:21:05'),
(120, 16, 'Desember', '2021', 377, 28, 405, '2026-05-24 10:21:05', '2026-05-24 10:21:05'),
(121, 7, 'Januari', '2022', 674, 43, 717, '2026-05-24 10:21:05', '2026-05-24 10:21:05'),
(122, 7, 'Februari', '2022', 669, 42, 711, '2026-05-24 10:21:05', '2026-05-24 10:21:05'),
(123, 7, 'Maret', '2022', 682, 44, 726, '2026-05-24 10:21:05', '2026-05-24 10:21:05'),
(124, 7, 'April', '2022', 685, 46, 731, '2026-05-24 10:21:05', '2026-05-24 10:21:05'),
(125, 7, 'Mei', '2022', 690, 48, 738, '2026-05-24 10:21:05', '2026-05-24 10:21:05'),
(126, 7, 'Juni', '2022', 705, 47, 752, '2026-05-24 10:21:05', '2026-05-24 10:21:05'),
(127, 7, 'Juli', '2022', 718, 46, 764, '2026-05-24 10:21:05', '2026-05-24 10:21:05'),
(128, 7, 'Agustus', '2022', 711, 48, 759, '2026-05-24 10:21:05', '2026-05-24 10:21:05'),
(129, 7, 'September', '2022', 726, 49, 775, '2026-05-24 10:21:05', '2026-05-24 10:21:05'),
(130, 7, 'Oktober', '2022', 721, 49, 770, '2026-05-24 10:21:05', '2026-05-24 10:21:05'),
(131, 7, 'November', '2022', 719, 49, 768, '2026-05-24 10:21:05', '2026-05-24 10:21:05'),
(132, 7, 'Desember', '2022', 728, 51, 779, '2026-05-24 10:21:05', '2026-05-24 10:21:05'),
(133, 8, 'Januari', '2022', 611, 34, 645, '2026-05-24 10:21:05', '2026-05-24 10:21:05'),
(134, 8, 'Februari', '2022', 608, 35, 643, '2026-05-24 10:21:05', '2026-05-24 10:21:05'),
(135, 8, 'Maret', '2022', 614, 35, 649, '2026-05-24 10:21:05', '2026-05-24 10:21:05'),
(136, 8, 'April', '2022', 608, 37, 645, '2026-05-24 10:21:05', '2026-05-24 10:21:05'),
(137, 8, 'Mei', '2022', 617, 36, 653, '2026-05-24 10:21:05', '2026-05-24 10:21:05'),
(138, 8, 'Juni', '2022', 610, 39, 649, '2026-05-24 10:21:05', '2026-05-24 10:21:05'),
(139, 8, 'Juli', '2022', 602, 38, 640, '2026-05-24 10:21:05', '2026-05-24 10:21:05'),
(140, 8, 'Agustus', '2022', 601, 38, 639, '2026-05-24 10:21:05', '2026-05-24 10:21:05'),
(141, 8, 'September', '2022', 606, 40, 646, '2026-05-24 10:21:05', '2026-05-24 10:21:05'),
(142, 8, 'Oktober', '2022', 613, 40, 653, '2026-05-24 10:21:05', '2026-05-24 10:21:05'),
(143, 8, 'November', '2022', 617, 39, 656, '2026-05-24 10:21:05', '2026-05-24 10:21:05'),
(144, 8, 'Desember', '2022', 614, 41, 655, '2026-05-24 10:21:05', '2026-05-24 10:21:05'),
(145, 9, 'Januari', '2022', 748, 32, 780, '2026-05-24 10:21:05', '2026-05-24 10:21:05'),
(146, 9, 'Februari', '2022', 748, 34, 782, '2026-05-24 10:21:05', '2026-05-24 10:21:05'),
(147, 9, 'Maret', '2022', 749, 36, 785, '2026-05-24 10:21:05', '2026-05-24 10:21:05'),
(148, 9, 'April', '2022', 763, 39, 802, '2026-05-24 10:21:05', '2026-05-24 10:21:05'),
(149, 9, 'Mei', '2022', 776, 41, 817, '2026-05-24 10:21:05', '2026-05-24 10:21:05'),
(150, 9, 'Juni', '2022', 772, 41, 813, '2026-05-24 10:21:05', '2026-05-24 10:21:05'),
(151, 9, 'Juli', '2022', 773, 41, 814, '2026-05-24 10:21:05', '2026-05-24 10:21:05'),
(152, 9, 'Agustus', '2022', 766, 44, 810, '2026-05-24 10:21:05', '2026-05-24 10:21:05'),
(153, 9, 'September', '2022', 781, 47, 828, '2026-05-24 10:21:05', '2026-05-24 10:21:05'),
(154, 9, 'Oktober', '2022', 774, 48, 822, '2026-05-24 10:21:05', '2026-05-24 10:21:05'),
(155, 9, 'November', '2022', 767, 47, 814, '2026-05-24 10:21:05', '2026-05-24 10:21:05'),
(156, 9, 'Desember', '2022', 777, 49, 826, '2026-05-24 10:21:05', '2026-05-24 10:21:05'),
(157, 10, 'Januari', '2022', 548, 26, 574, '2026-05-24 10:21:05', '2026-05-24 10:21:05'),
(158, 10, 'Februari', '2022', 545, 25, 570, '2026-05-24 10:21:05', '2026-05-24 10:21:05'),
(159, 10, 'Maret', '2022', 553, 24, 577, '2026-05-24 10:21:05', '2026-05-24 10:21:05'),
(160, 10, 'April', '2022', 550, 23, 573, '2026-05-24 10:21:05', '2026-05-24 10:21:05'),
(161, 10, 'Mei', '2022', 561, 22, 583, '2026-05-24 10:21:05', '2026-05-24 10:21:05'),
(162, 10, 'Juni', '2022', 574, 22, 596, '2026-05-24 10:21:05', '2026-05-24 10:21:05'),
(163, 10, 'Juli', '2022', 578, 21, 599, '2026-05-24 10:21:05', '2026-05-24 10:21:05'),
(164, 10, 'Agustus', '2022', 588, 21, 609, '2026-05-24 10:21:05', '2026-05-24 10:21:05'),
(165, 10, 'September', '2022', 598, 24, 622, '2026-05-24 10:21:05', '2026-05-24 10:21:05'),
(166, 10, 'Oktober', '2022', 591, 27, 618, '2026-05-24 10:21:05', '2026-05-24 10:21:05'),
(167, 10, 'November', '2022', 585, 29, 614, '2026-05-24 10:21:05', '2026-05-24 10:21:05'),
(168, 10, 'Desember', '2022', 598, 32, 630, '2026-05-24 10:21:05', '2026-05-24 10:21:05'),
(169, 11, 'Januari', '2022', 852, 57, 909, '2026-05-24 10:21:05', '2026-05-24 10:21:05'),
(170, 11, 'Februari', '2022', 854, 58, 912, '2026-05-24 10:21:05', '2026-05-24 10:21:05'),
(171, 11, 'Maret', '2022', 852, 59, 911, '2026-05-24 10:21:05', '2026-05-24 10:21:05'),
(172, 11, 'April', '2022', 851, 60, 911, '2026-05-24 10:21:05', '2026-05-24 10:21:05'),
(173, 11, 'Mei', '2022', 855, 60, 915, '2026-05-24 10:21:05', '2026-05-24 10:21:05'),
(174, 11, 'Juni', '2022', 868, 61, 929, '2026-05-24 10:21:05', '2026-05-24 10:21:05'),
(175, 11, 'Juli', '2022', 874, 62, 936, '2026-05-24 10:21:05', '2026-05-24 10:21:05'),
(176, 11, 'Agustus', '2022', 868, 61, 929, '2026-05-24 10:21:05', '2026-05-24 10:21:05'),
(177, 11, 'September', '2022', 874, 64, 938, '2026-05-24 10:21:05', '2026-05-24 10:21:05'),
(178, 11, 'Oktober', '2022', 884, 63, 947, '2026-05-24 10:21:05', '2026-05-24 10:21:05'),
(179, 11, 'November', '2022', 878, 66, 944, '2026-05-24 10:21:05', '2026-05-24 10:21:05'),
(180, 11, 'Desember', '2022', 876, 69, 945, '2026-05-24 10:21:05', '2026-05-24 10:21:05'),
(181, 12, 'Januari', '2022', 421, 16, 437, '2026-05-24 10:21:05', '2026-05-24 10:21:05'),
(182, 12, 'Februari', '2022', 424, 15, 439, '2026-05-24 10:21:05', '2026-05-24 10:21:05'),
(183, 12, 'Maret', '2022', 423, 16, 439, '2026-05-24 10:21:05', '2026-05-24 10:21:05'),
(184, 12, 'April', '2022', 424, 16, 440, '2026-05-24 10:21:05', '2026-05-24 10:21:05'),
(185, 12, 'Mei', '2022', 430, 19, 449, '2026-05-24 10:21:05', '2026-05-24 10:21:05'),
(186, 12, 'Juni', '2022', 444, 20, 464, '2026-05-24 10:21:05', '2026-05-24 10:21:05'),
(187, 12, 'Juli', '2022', 455, 23, 478, '2026-05-24 10:21:05', '2026-05-24 10:21:05'),
(188, 12, 'Agustus', '2022', 447, 26, 473, '2026-05-24 10:21:05', '2026-05-24 10:21:05'),
(189, 12, 'September', '2022', 448, 25, 473, '2026-05-24 10:21:05', '2026-05-24 10:21:05'),
(190, 12, 'Oktober', '2022', 444, 26, 470, '2026-05-24 10:21:05', '2026-05-24 10:21:05'),
(191, 12, 'November', '2022', 439, 25, 464, '2026-05-24 10:21:05', '2026-05-24 10:21:05'),
(192, 12, 'Desember', '2022', 454, 28, 482, '2026-05-24 10:21:05', '2026-05-24 10:21:05'),
(193, 13, 'Januari', '2022', 482, 13, 495, '2026-05-24 10:21:05', '2026-05-24 10:21:05'),
(194, 13, 'Februari', '2022', 483, 16, 499, '2026-05-24 10:21:05', '2026-05-24 10:21:05'),
(195, 13, 'Maret', '2022', 481, 17, 498, '2026-05-24 10:21:05', '2026-05-24 10:21:05'),
(196, 13, 'April', '2022', 479, 18, 497, '2026-05-24 10:21:05', '2026-05-24 10:21:05'),
(197, 13, 'Mei', '2022', 487, 20, 507, '2026-05-24 10:21:05', '2026-05-24 10:21:05'),
(198, 13, 'Juni', '2022', 487, 19, 506, '2026-05-24 10:21:05', '2026-05-24 10:21:05'),
(199, 13, 'Juli', '2022', 481, 21, 502, '2026-05-24 10:21:05', '2026-05-24 10:21:05'),
(200, 13, 'Agustus', '2022', 481, 20, 501, '2026-05-24 10:21:05', '2026-05-24 10:21:05'),
(201, 13, 'September', '2022', 473, 21, 494, '2026-05-24 10:21:05', '2026-05-24 10:21:05'),
(202, 13, 'Oktober', '2022', 469, 22, 491, '2026-05-24 10:21:05', '2026-05-24 10:21:05'),
(203, 13, 'November', '2022', 466, 24, 490, '2026-05-24 10:21:05', '2026-05-24 10:21:05'),
(204, 13, 'Desember', '2022', 475, 26, 501, '2026-05-24 10:21:05', '2026-05-24 10:21:05'),
(205, 14, 'Januari', '2022', 365, 9, 374, '2026-05-24 10:21:05', '2026-05-24 10:21:05'),
(206, 14, 'Februari', '2022', 360, 8, 368, '2026-05-24 10:21:05', '2026-05-24 10:21:05'),
(207, 14, 'Maret', '2022', 374, 8, 382, '2026-05-24 10:21:05', '2026-05-24 10:21:05'),
(208, 14, 'April', '2022', 383, 7, 390, '2026-05-24 10:21:05', '2026-05-24 10:21:05'),
(209, 14, 'Mei', '2022', 386, 10, 396, '2026-05-24 10:21:05', '2026-05-24 10:21:05'),
(210, 14, 'Juni', '2022', 395, 10, 405, '2026-05-24 10:21:05', '2026-05-24 10:21:05'),
(211, 14, 'Juli', '2022', 400, 10, 410, '2026-05-24 10:21:05', '2026-05-24 10:21:05'),
(212, 14, 'Agustus', '2022', 393, 11, 404, '2026-05-24 10:21:05', '2026-05-24 10:21:05'),
(213, 14, 'September', '2022', 396, 10, 406, '2026-05-24 10:21:05', '2026-05-24 10:21:05'),
(214, 14, 'Oktober', '2022', 399, 10, 409, '2026-05-24 10:21:05', '2026-05-24 10:21:05'),
(215, 14, 'November', '2022', 412, 10, 422, '2026-05-24 10:21:05', '2026-05-24 10:21:05'),
(216, 14, 'Desember', '2022', 425, 9, 434, '2026-05-24 10:21:05', '2026-05-24 10:21:05'),
(217, 15, 'Januari', '2022', 456, 24, 480, '2026-05-24 10:21:05', '2026-05-24 10:21:05'),
(218, 15, 'Februari', '2022', 461, 27, 488, '2026-05-24 10:21:05', '2026-05-24 10:21:05'),
(219, 15, 'Maret', '2022', 476, 27, 503, '2026-05-24 10:21:05', '2026-05-24 10:21:05'),
(220, 15, 'April', '2022', 475, 27, 502, '2026-05-24 10:21:05', '2026-05-24 10:21:05'),
(221, 15, 'Mei', '2022', 472, 29, 501, '2026-05-24 10:21:05', '2026-05-24 10:21:05'),
(222, 15, 'Juni', '2022', 464, 29, 493, '2026-05-24 10:21:05', '2026-05-24 10:21:05'),
(223, 15, 'Juli', '2022', 479, 30, 509, '2026-05-24 10:21:05', '2026-05-24 10:21:05'),
(224, 15, 'Agustus', '2022', 484, 30, 514, '2026-05-24 10:21:05', '2026-05-24 10:21:05'),
(225, 15, 'September', '2022', 484, 30, 514, '2026-05-24 10:21:05', '2026-05-24 10:21:05'),
(226, 15, 'Oktober', '2022', 498, 29, 527, '2026-05-24 10:21:05', '2026-05-24 10:21:05'),
(227, 15, 'November', '2022', 502, 28, 530, '2026-05-24 10:21:05', '2026-05-24 10:21:05'),
(228, 15, 'Desember', '2022', 509, 28, 537, '2026-05-24 10:21:05', '2026-05-24 10:21:05'),
(229, 16, 'Januari', '2022', 386, 17, 403, '2026-05-24 10:21:05', '2026-05-24 10:21:05'),
(230, 16, 'Februari', '2022', 389, 18, 407, '2026-05-24 10:21:05', '2026-05-24 10:21:05'),
(231, 16, 'Maret', '2022', 388, 18, 406, '2026-05-24 10:21:05', '2026-05-24 10:21:05'),
(232, 16, 'April', '2022', 380, 18, 398, '2026-05-24 10:21:05', '2026-05-24 10:21:05'),
(233, 16, 'Mei', '2022', 384, 19, 403, '2026-05-24 10:21:05', '2026-05-24 10:21:05'),
(234, 16, 'Juni', '2022', 384, 18, 402, '2026-05-24 10:21:05', '2026-05-24 10:21:05'),
(235, 16, 'Juli', '2022', 384, 19, 403, '2026-05-24 10:21:05', '2026-05-24 10:21:05'),
(236, 16, 'Agustus', '2022', 396, 22, 418, '2026-05-24 10:21:05', '2026-05-24 10:21:05'),
(237, 16, 'September', '2022', 400, 25, 425, '2026-05-24 10:21:05', '2026-05-24 10:21:05'),
(238, 16, 'Oktober', '2022', 402, 24, 426, '2026-05-24 10:21:05', '2026-05-24 10:21:05'),
(239, 16, 'November', '2022', 397, 25, 422, '2026-05-24 10:21:05', '2026-05-24 10:21:05'),
(240, 16, 'Desember', '2022', 394, 28, 422, '2026-05-24 10:21:05', '2026-05-24 10:21:05'),
(241, 7, 'Januari', '2023', 719, 45, 764, '2026-05-24 10:21:05', '2026-05-24 10:21:05'),
(242, 7, 'Februari', '2023', 714, 48, 762, '2026-05-24 10:21:05', '2026-05-24 10:21:05'),
(243, 7, 'Maret', '2023', 719, 49, 768, '2026-05-24 10:21:05', '2026-05-24 10:21:05'),
(244, 7, 'April', '2023', 734, 50, 784, '2026-05-24 10:21:05', '2026-05-24 10:21:05'),
(245, 7, 'Mei', '2023', 739, 53, 792, '2026-05-24 10:21:05', '2026-05-24 10:21:05'),
(246, 7, 'Juni', '2023', 747, 52, 799, '2026-05-24 10:21:05', '2026-05-24 10:21:05'),
(247, 7, 'Juli', '2023', 751, 55, 806, '2026-05-24 10:21:05', '2026-05-24 10:21:05'),
(248, 7, 'Agustus', '2023', 749, 56, 805, '2026-05-24 10:21:05', '2026-05-24 10:21:05'),
(249, 7, 'September', '2023', 742, 58, 800, '2026-05-24 10:21:05', '2026-05-24 10:21:05'),
(250, 7, 'Oktober', '2023', 734, 61, 795, '2026-05-24 10:21:05', '2026-05-24 10:21:05'),
(251, 7, 'November', '2023', 743, 61, 804, '2026-05-24 10:21:05', '2026-05-24 10:21:05'),
(252, 7, 'Desember', '2023', 746, 63, 809, '2026-05-24 10:21:05', '2026-05-24 10:21:05'),
(253, 8, 'Januari', '2023', 655, 35, 690, '2026-05-24 10:21:05', '2026-05-24 10:21:05'),
(254, 8, 'Februari', '2023', 666, 36, 702, '2026-05-24 10:21:05', '2026-05-24 10:21:05'),
(255, 8, 'Maret', '2023', 679, 35, 714, '2026-05-24 10:21:05', '2026-05-24 10:21:05'),
(256, 8, 'April', '2023', 694, 36, 730, '2026-05-24 10:21:05', '2026-05-24 10:21:05'),
(257, 8, 'Mei', '2023', 702, 37, 739, '2026-05-24 10:21:05', '2026-05-24 10:21:05'),
(258, 8, 'Juni', '2023', 715, 39, 754, '2026-05-24 10:21:05', '2026-05-24 10:21:05'),
(259, 8, 'Juli', '2023', 717, 41, 758, '2026-05-24 10:21:05', '2026-05-24 10:21:05'),
(260, 8, 'Agustus', '2023', 731, 42, 773, '2026-05-24 10:21:05', '2026-05-24 10:21:05'),
(261, 8, 'September', '2023', 740, 42, 782, '2026-05-24 10:21:05', '2026-05-24 10:21:05'),
(262, 8, 'Oktober', '2023', 738, 44, 782, '2026-05-24 10:21:05', '2026-05-24 10:21:05'),
(263, 8, 'November', '2023', 751, 46, 797, '2026-05-24 10:21:05', '2026-05-24 10:21:05'),
(264, 8, 'Desember', '2023', 764, 46, 810, '2026-05-24 10:21:05', '2026-05-24 10:21:05'),
(265, 9, 'Januari', '2023', 823, 35, 858, '2026-05-24 10:21:05', '2026-05-24 10:21:05'),
(266, 9, 'Februari', '2023', 824, 37, 861, '2026-05-24 10:21:05', '2026-05-24 10:21:05'),
(267, 9, 'Maret', '2023', 833, 36, 869, '2026-05-24 10:21:05', '2026-05-24 10:21:05'),
(268, 9, 'April', '2023', 834, 37, 871, '2026-05-24 10:21:05', '2026-05-24 10:21:05'),
(269, 9, 'Mei', '2023', 832, 39, 871, '2026-05-24 10:21:05', '2026-05-24 10:21:05'),
(270, 9, 'Juni', '2023', 842, 42, 884, '2026-05-24 10:21:05', '2026-05-24 10:21:05'),
(271, 9, 'Juli', '2023', 854, 43, 897, '2026-05-24 10:21:05', '2026-05-24 10:21:05'),
(272, 9, 'Agustus', '2023', 860, 45, 905, '2026-05-24 10:21:05', '2026-05-24 10:21:05'),
(273, 9, 'September', '2023', 866, 45, 911, '2026-05-24 10:21:05', '2026-05-24 10:21:05'),
(274, 9, 'Oktober', '2023', 874, 47, 921, '2026-05-24 10:21:05', '2026-05-24 10:21:05'),
(275, 9, 'November', '2023', 889, 47, 936, '2026-05-24 10:21:05', '2026-05-24 10:21:05'),
(276, 9, 'Desember', '2023', 902, 46, 948, '2026-05-24 10:21:05', '2026-05-24 10:21:05'),
(277, 10, 'Januari', '2023', 581, 28, 609, '2026-05-24 10:21:05', '2026-05-24 10:21:05'),
(278, 10, 'Februari', '2023', 594, 31, 625, '2026-05-24 10:21:05', '2026-05-24 10:21:05'),
(279, 10, 'Maret', '2023', 596, 30, 626, '2026-05-24 10:21:05', '2026-05-24 10:21:05'),
(280, 10, 'April', '2023', 595, 31, 626, '2026-05-24 10:21:05', '2026-05-24 10:21:05'),
(281, 10, 'Mei', '2023', 594, 31, 625, '2026-05-24 10:21:06', '2026-05-24 10:21:06'),
(282, 10, 'Juni', '2023', 590, 30, 620, '2026-05-24 10:21:06', '2026-05-24 10:21:06'),
(283, 10, 'Juli', '2023', 583, 30, 613, '2026-05-24 10:21:06', '2026-05-24 10:21:06'),
(284, 10, 'Agustus', '2023', 590, 33, 623, '2026-05-24 10:21:06', '2026-05-24 10:21:06'),
(285, 10, 'September', '2023', 584, 35, 619, '2026-05-24 10:21:06', '2026-05-24 10:21:06'),
(286, 10, 'Oktober', '2023', 589, 38, 627, '2026-05-24 10:21:06', '2026-05-24 10:21:06'),
(287, 10, 'November', '2023', 587, 40, 627, '2026-05-24 10:21:06', '2026-05-24 10:21:06'),
(288, 10, 'Desember', '2023', 594, 42, 636, '2026-05-24 10:21:06', '2026-05-24 10:21:06'),
(289, 11, 'Januari', '2023', 903, 57, 960, '2026-05-24 10:21:06', '2026-05-24 10:21:06'),
(290, 11, 'Februari', '2023', 915, 56, 971, '2026-05-24 10:21:06', '2026-05-24 10:21:06'),
(291, 11, 'Maret', '2023', 910, 58, 968, '2026-05-24 10:21:06', '2026-05-24 10:21:06'),
(292, 11, 'April', '2023', 909, 58, 967, '2026-05-24 10:21:06', '2026-05-24 10:21:06'),
(293, 11, 'Mei', '2023', 923, 61, 984, '2026-05-24 10:21:06', '2026-05-24 10:21:06'),
(294, 11, 'Juni', '2023', 929, 60, 989, '2026-05-24 10:21:06', '2026-05-24 10:21:06'),
(295, 11, 'Juli', '2023', 938, 60, 998, '2026-05-24 10:21:06', '2026-05-24 10:21:06'),
(296, 11, 'Agustus', '2023', 933, 62, 995, '2026-05-24 10:21:06', '2026-05-24 10:21:06'),
(297, 11, 'September', '2023', 929, 64, 993, '2026-05-24 10:21:06', '2026-05-24 10:21:06'),
(298, 11, 'Oktober', '2023', 942, 67, 1009, '2026-05-24 10:21:06', '2026-05-24 10:21:06'),
(299, 11, 'November', '2023', 951, 70, 1021, '2026-05-24 10:21:06', '2026-05-24 10:21:06'),
(300, 11, 'Desember', '2023', 953, 72, 1025, '2026-05-24 10:21:06', '2026-05-24 10:21:06'),
(301, 12, 'Januari', '2023', 463, 20, 483, '2026-05-24 10:21:06', '2026-05-24 10:21:06'),
(302, 12, 'Februari', '2023', 468, 23, 491, '2026-05-24 10:21:06', '2026-05-24 10:21:06'),
(303, 12, 'Maret', '2023', 474, 23, 497, '2026-05-24 10:21:06', '2026-05-24 10:21:06'),
(304, 12, 'April', '2023', 489, 25, 514, '2026-05-24 10:21:06', '2026-05-24 10:21:06'),
(305, 12, 'Mei', '2023', 495, 26, 521, '2026-05-24 10:21:06', '2026-05-24 10:21:06'),
(306, 12, 'Juni', '2023', 494, 27, 521, '2026-05-24 10:21:06', '2026-05-24 10:21:06'),
(307, 12, 'Juli', '2023', 502, 29, 531, '2026-05-24 10:21:06', '2026-05-24 10:21:06'),
(308, 12, 'Agustus', '2023', 514, 29, 543, '2026-05-24 10:21:06', '2026-05-24 10:21:06'),
(309, 12, 'September', '2023', 514, 31, 545, '2026-05-24 10:21:06', '2026-05-24 10:21:06'),
(310, 12, 'Oktober', '2023', 508, 32, 540, '2026-05-24 10:21:06', '2026-05-24 10:21:06'),
(311, 12, 'November', '2023', 507, 33, 540, '2026-05-24 10:21:06', '2026-05-24 10:21:06'),
(312, 12, 'Desember', '2023', 509, 34, 543, '2026-05-24 10:21:06', '2026-05-24 10:21:06'),
(313, 13, 'Januari', '2023', 531, 12, 543, '2026-05-24 10:21:06', '2026-05-24 10:21:06'),
(314, 13, 'Februari', '2023', 527, 12, 539, '2026-05-24 10:21:06', '2026-05-24 10:21:06'),
(315, 13, 'Maret', '2023', 526, 14, 540, '2026-05-24 10:21:06', '2026-05-24 10:21:06'),
(316, 13, 'April', '2023', 540, 14, 554, '2026-05-24 10:21:06', '2026-05-24 10:21:06'),
(317, 13, 'Mei', '2023', 554, 14, 568, '2026-05-24 10:21:06', '2026-05-24 10:21:06'),
(318, 13, 'Juni', '2023', 548, 16, 564, '2026-05-24 10:21:06', '2026-05-24 10:21:06'),
(319, 13, 'Juli', '2023', 553, 17, 570, '2026-05-24 10:21:06', '2026-05-24 10:21:06'),
(320, 13, 'Agustus', '2023', 562, 19, 581, '2026-05-24 10:21:06', '2026-05-24 10:21:06'),
(321, 13, 'September', '2023', 567, 18, 585, '2026-05-24 10:21:06', '2026-05-24 10:21:06'),
(322, 13, 'Oktober', '2023', 565, 20, 585, '2026-05-24 10:21:06', '2026-05-24 10:21:06'),
(323, 13, 'November', '2023', 569, 23, 592, '2026-05-24 10:21:06', '2026-05-24 10:21:06'),
(324, 13, 'Desember', '2023', 583, 22, 605, '2026-05-24 10:21:06', '2026-05-24 10:21:06'),
(325, 14, 'Januari', '2023', 392, 13, 405, '2026-05-24 10:21:06', '2026-05-24 10:21:06'),
(326, 14, 'Februari', '2023', 399, 12, 411, '2026-05-24 10:21:06', '2026-05-24 10:21:06'),
(327, 14, 'Maret', '2023', 402, 13, 415, '2026-05-24 10:21:06', '2026-05-24 10:21:06'),
(328, 14, 'April', '2023', 406, 15, 421, '2026-05-24 10:21:06', '2026-05-24 10:21:06'),
(329, 14, 'Mei', '2023', 415, 18, 433, '2026-05-24 10:21:06', '2026-05-24 10:21:06'),
(330, 14, 'Juni', '2023', 426, 18, 444, '2026-05-24 10:21:06', '2026-05-24 10:21:06'),
(331, 14, 'Juli', '2023', 433, 18, 451, '2026-05-24 10:21:06', '2026-05-24 10:21:06'),
(332, 14, 'Agustus', '2023', 433, 20, 453, '2026-05-24 10:21:06', '2026-05-24 10:21:06'),
(333, 14, 'September', '2023', 440, 19, 459, '2026-05-24 10:21:06', '2026-05-24 10:21:06'),
(334, 14, 'Oktober', '2023', 444, 20, 464, '2026-05-24 10:21:06', '2026-05-24 10:21:06'),
(335, 14, 'November', '2023', 457, 22, 479, '2026-05-24 10:21:06', '2026-05-24 10:21:06'),
(336, 14, 'Desember', '2023', 472, 22, 494, '2026-05-24 10:21:06', '2026-05-24 10:21:06'),
(337, 15, 'Januari', '2023', 493, 23, 516, '2026-05-24 10:21:06', '2026-05-24 10:21:06'),
(338, 15, 'Februari', '2023', 504, 26, 530, '2026-05-24 10:21:06', '2026-05-24 10:21:06'),
(339, 15, 'Maret', '2023', 496, 28, 524, '2026-05-24 10:21:06', '2026-05-24 10:21:06'),
(340, 15, 'April', '2023', 506, 31, 537, '2026-05-24 10:21:06', '2026-05-24 10:21:06'),
(341, 15, 'Mei', '2023', 519, 30, 549, '2026-05-24 10:21:06', '2026-05-24 10:21:06'),
(342, 15, 'Juni', '2023', 513, 32, 545, '2026-05-24 10:21:06', '2026-05-24 10:21:06'),
(343, 15, 'Juli', '2023', 509, 34, 543, '2026-05-24 10:21:06', '2026-05-24 10:21:06'),
(344, 15, 'Agustus', '2023', 506, 33, 539, '2026-05-24 10:21:06', '2026-05-24 10:21:06'),
(345, 15, 'September', '2023', 506, 35, 541, '2026-05-24 10:21:06', '2026-05-24 10:21:06'),
(346, 15, 'Oktober', '2023', 508, 35, 543, '2026-05-24 10:21:06', '2026-05-24 10:21:06'),
(347, 15, 'November', '2023', 514, 36, 550, '2026-05-24 10:21:06', '2026-05-24 10:21:06'),
(348, 15, 'Desember', '2023', 516, 38, 554, '2026-05-24 10:21:06', '2026-05-24 10:21:06'),
(349, 16, 'Januari', '2023', 417, 18, 435, '2026-05-24 10:21:06', '2026-05-24 10:21:06'),
(350, 16, 'Februari', '2023', 417, 17, 434, '2026-05-24 10:21:06', '2026-05-24 10:21:06'),
(351, 16, 'Maret', '2023', 424, 16, 440, '2026-05-24 10:21:06', '2026-05-24 10:21:06'),
(352, 16, 'April', '2023', 439, 19, 458, '2026-05-24 10:21:06', '2026-05-24 10:21:06'),
(353, 16, 'Mei', '2023', 432, 20, 452, '2026-05-24 10:21:06', '2026-05-24 10:21:06'),
(354, 16, 'Juni', '2023', 431, 19, 450, '2026-05-24 10:21:06', '2026-05-24 10:21:06'),
(355, 16, 'Juli', '2023', 443, 18, 461, '2026-05-24 10:21:06', '2026-05-24 10:21:06'),
(356, 16, 'Agustus', '2023', 435, 18, 453, '2026-05-24 10:21:06', '2026-05-24 10:21:06'),
(357, 16, 'September', '2023', 433, 17, 450, '2026-05-24 10:21:06', '2026-05-24 10:21:06'),
(358, 16, 'Oktober', '2023', 444, 17, 461, '2026-05-24 10:21:06', '2026-05-24 10:21:06'),
(359, 16, 'November', '2023', 443, 17, 460, '2026-05-24 10:21:06', '2026-05-24 10:21:06'),
(360, 16, 'Desember', '2023', 450, 16, 466, '2026-05-24 10:21:06', '2026-05-24 10:21:06'),
(361, 7, 'Januari', '2024', 778, 49, 827, '2026-05-24 10:21:06', '2026-05-24 10:21:06'),
(362, 7, 'Februari', '2024', 784, 50, 834, '2026-05-24 10:21:06', '2026-05-24 10:21:06'),
(363, 7, 'Maret', '2024', 787, 50, 837, '2026-05-24 10:21:06', '2026-05-24 10:21:06'),
(364, 7, 'April', '2024', 798, 53, 851, '2026-05-24 10:21:06', '2026-05-24 10:21:06'),
(365, 7, 'Mei', '2024', 813, 52, 865, '2026-05-24 10:21:06', '2026-05-24 10:21:06'),
(366, 7, 'Juni', '2024', 810, 53, 863, '2026-05-24 10:21:06', '2026-05-24 10:21:06'),
(367, 7, 'Juli', '2024', 805, 56, 861, '2026-05-24 10:21:06', '2026-05-24 10:21:06'),
(368, 7, 'Agustus', '2024', 797, 57, 854, '2026-05-24 10:21:06', '2026-05-24 10:21:06'),
(369, 7, 'September', '2024', 807, 59, 866, '2026-05-24 10:21:06', '2026-05-24 10:21:06'),
(370, 7, 'Oktober', '2024', 811, 59, 870, '2026-05-24 10:21:06', '2026-05-24 10:21:06'),
(371, 7, 'November', '2024', 805, 62, 867, '2026-05-24 10:21:06', '2026-05-24 10:21:06'),
(372, 7, 'Desember', '2024', 819, 62, 881, '2026-05-24 10:21:06', '2026-05-24 10:21:06'),
(373, 8, 'Januari', '2024', 701, 38, 739, '2026-05-24 10:21:06', '2026-05-24 10:21:06'),
(374, 8, 'Februari', '2024', 714, 41, 755, '2026-05-24 10:21:06', '2026-05-24 10:21:06'),
(375, 8, 'Maret', '2024', 709, 44, 753, '2026-05-24 10:21:06', '2026-05-24 10:21:06'),
(376, 8, 'April', '2024', 702, 45, 747, '2026-05-24 10:21:06', '2026-05-24 10:21:06'),
(377, 8, 'Mei', '2024', 711, 47, 758, '2026-05-24 10:21:06', '2026-05-24 10:21:06'),
(378, 8, 'Juni', '2024', 724, 48, 772, '2026-05-24 10:21:06', '2026-05-24 10:21:06'),
(379, 8, 'Juli', '2024', 718, 51, 769, '2026-05-24 10:21:06', '2026-05-24 10:21:06'),
(380, 8, 'Agustus', '2024', 730, 52, 782, '2026-05-24 10:21:06', '2026-05-24 10:21:06'),
(381, 8, 'September', '2024', 722, 54, 776, '2026-05-24 10:21:06', '2026-05-24 10:21:06'),
(382, 8, 'Oktober', '2024', 729, 53, 782, '2026-05-24 10:21:06', '2026-05-24 10:21:06'),
(383, 8, 'November', '2024', 734, 54, 788, '2026-05-24 10:21:06', '2026-05-24 10:21:06'),
(384, 8, 'Desember', '2024', 746, 56, 802, '2026-05-24 10:21:06', '2026-05-24 10:21:06'),
(385, 9, 'Januari', '2024', 882, 34, 916, '2026-05-24 10:21:06', '2026-05-24 10:21:06'),
(386, 9, 'Februari', '2024', 887, 34, 921, '2026-05-24 10:21:06', '2026-05-24 10:21:06'),
(387, 9, 'Maret', '2024', 902, 37, 939, '2026-05-24 10:21:06', '2026-05-24 10:21:06'),
(388, 9, 'April', '2024', 914, 38, 952, '2026-05-24 10:21:06', '2026-05-24 10:21:06'),
(389, 9, 'Mei', '2024', 925, 41, 966, '2026-05-24 10:21:06', '2026-05-24 10:21:06'),
(390, 9, 'Juni', '2024', 932, 43, 975, '2026-05-24 10:21:06', '2026-05-24 10:21:06'),
(391, 9, 'Juli', '2024', 937, 46, 983, '2026-05-24 10:21:06', '2026-05-24 10:21:06'),
(392, 9, 'Agustus', '2024', 937, 47, 984, '2026-05-24 10:21:06', '2026-05-24 10:21:06'),
(393, 9, 'September', '2024', 936, 46, 982, '2026-05-24 10:21:06', '2026-05-24 10:21:06'),
(394, 9, 'Oktober', '2024', 936, 48, 984, '2026-05-24 10:21:06', '2026-05-24 10:21:06'),
(395, 9, 'November', '2024', 935, 50, 985, '2026-05-24 10:21:06', '2026-05-24 10:21:06'),
(396, 9, 'Desember', '2024', 945, 53, 998, '2026-05-24 10:21:06', '2026-05-24 10:21:06'),
(397, 10, 'Januari', '2024', 633, 29, 662, '2026-05-24 10:21:06', '2026-05-24 10:21:06'),
(398, 10, 'Februari', '2024', 635, 28, 663, '2026-05-24 10:21:06', '2026-05-24 10:21:06'),
(399, 10, 'Maret', '2024', 642, 29, 671, '2026-05-24 10:21:06', '2026-05-24 10:21:06'),
(400, 10, 'April', '2024', 639, 31, 670, '2026-05-24 10:21:06', '2026-05-24 10:21:06'),
(401, 10, 'Mei', '2024', 637, 32, 669, '2026-05-24 10:21:06', '2026-05-24 10:21:06'),
(402, 10, 'Juni', '2024', 637, 33, 670, '2026-05-24 10:21:06', '2026-05-24 10:21:06'),
(403, 10, 'Juli', '2024', 637, 36, 673, '2026-05-24 10:21:06', '2026-05-24 10:21:06'),
(404, 10, 'Agustus', '2024', 651, 37, 688, '2026-05-24 10:21:06', '2026-05-24 10:21:06'),
(405, 10, 'September', '2024', 660, 36, 696, '2026-05-24 10:21:06', '2026-05-24 10:21:06'),
(406, 10, 'Oktober', '2024', 668, 36, 704, '2026-05-24 10:21:06', '2026-05-24 10:21:06'),
(407, 10, 'November', '2024', 662, 36, 698, '2026-05-24 10:21:06', '2026-05-24 10:21:06'),
(408, 10, 'Desember', '2024', 677, 38, 715, '2026-05-24 10:21:06', '2026-05-24 10:21:06'),
(409, 11, 'Januari', '2024', 974, 65, 1039, '2026-05-24 10:21:06', '2026-05-24 10:21:06'),
(410, 11, 'Februari', '2024', 973, 67, 1040, '2026-05-24 10:21:06', '2026-05-24 10:21:06'),
(411, 11, 'Maret', '2024', 985, 69, 1054, '2026-05-24 10:21:06', '2026-05-24 10:21:06'),
(412, 11, 'April', '2024', 991, 68, 1059, '2026-05-24 10:21:06', '2026-05-24 10:21:06'),
(413, 11, 'Mei', '2024', 985, 69, 1054, '2026-05-24 10:21:06', '2026-05-24 10:21:06'),
(414, 11, 'Juni', '2024', 984, 71, 1055, '2026-05-24 10:21:06', '2026-05-24 10:21:06'),
(415, 11, 'Juli', '2024', 998, 71, 1069, '2026-05-24 10:21:06', '2026-05-24 10:21:06'),
(416, 11, 'Agustus', '2024', 999, 74, 1073, '2026-05-24 10:21:06', '2026-05-24 10:21:06'),
(417, 11, 'September', '2024', 1002, 76, 1078, '2026-05-24 10:21:06', '2026-05-24 10:21:06'),
(418, 11, 'Oktober', '2024', 1011, 79, 1090, '2026-05-24 10:21:06', '2026-05-24 10:21:06'),
(419, 11, 'November', '2024', 1014, 81, 1095, '2026-05-24 10:21:06', '2026-05-24 10:21:06'),
(420, 11, 'Desember', '2024', 1029, 84, 1113, '2026-05-24 10:21:06', '2026-05-24 10:21:06'),
(421, 12, 'Januari', '2024', 485, 19, 504, '2026-05-24 10:21:06', '2026-05-24 10:21:06'),
(422, 12, 'Februari', '2024', 499, 21, 520, '2026-05-24 10:21:06', '2026-05-24 10:21:06'),
(423, 12, 'Maret', '2024', 499, 22, 521, '2026-05-24 10:21:07', '2026-05-24 10:21:07'),
(424, 12, 'April', '2024', 499, 22, 521, '2026-05-24 10:21:07', '2026-05-24 10:21:07'),
(425, 12, 'Mei', '2024', 494, 22, 516, '2026-05-24 10:21:07', '2026-05-24 10:21:07'),
(426, 12, 'Juni', '2024', 496, 21, 517, '2026-05-24 10:21:07', '2026-05-24 10:21:07'),
(427, 12, 'Juli', '2024', 511, 24, 535, '2026-05-24 10:21:07', '2026-05-24 10:21:07'),
(428, 12, 'Agustus', '2024', 525, 24, 549, '2026-05-24 10:21:07', '2026-05-24 10:21:07'),
(429, 12, 'September', '2024', 523, 24, 547, '2026-05-24 10:21:07', '2026-05-24 10:21:07'),
(430, 12, 'Oktober', '2024', 538, 26, 564, '2026-05-24 10:21:07', '2026-05-24 10:21:07'),
(431, 12, 'November', '2024', 538, 29, 567, '2026-05-24 10:21:07', '2026-05-24 10:21:07'),
(432, 12, 'Desember', '2024', 546, 32, 578, '2026-05-24 10:21:07', '2026-05-24 10:21:07'),
(433, 13, 'Januari', '2024', 559, 13, 572, '2026-05-24 10:21:07', '2026-05-24 10:21:07'),
(434, 13, 'Februari', '2024', 557, 14, 571, '2026-05-24 10:21:07', '2026-05-24 10:21:07'),
(435, 13, 'Maret', '2024', 556, 15, 571, '2026-05-24 10:21:07', '2026-05-24 10:21:07'),
(436, 13, 'April', '2024', 553, 16, 569, '2026-05-24 10:21:07', '2026-05-24 10:21:07'),
(437, 13, 'Mei', '2024', 545, 19, 564, '2026-05-24 10:21:07', '2026-05-24 10:21:07'),
(438, 13, 'Juni', '2024', 541, 20, 561, '2026-05-24 10:21:07', '2026-05-24 10:21:07'),
(439, 13, 'Juli', '2024', 538, 19, 557, '2026-05-24 10:21:07', '2026-05-24 10:21:07'),
(440, 13, 'Agustus', '2024', 547, 20, 567, '2026-05-24 10:21:07', '2026-05-24 10:21:07'),
(441, 13, 'September', '2024', 561, 20, 581, '2026-05-24 10:21:07', '2026-05-24 10:21:07'),
(442, 13, 'Oktober', '2024', 573, 22, 595, '2026-05-24 10:21:07', '2026-05-24 10:21:07'),
(443, 13, 'November', '2024', 568, 21, 589, '2026-05-24 10:21:07', '2026-05-24 10:21:07'),
(444, 13, 'Desember', '2024', 578, 22, 600, '2026-05-24 10:21:07', '2026-05-24 10:21:07'),
(445, 14, 'Januari', '2024', 416, 14, 430, '2026-05-24 10:21:07', '2026-05-24 10:21:07'),
(446, 14, 'Februari', '2024', 422, 15, 437, '2026-05-24 10:21:07', '2026-05-24 10:21:07'),
(447, 14, 'Maret', '2024', 419, 14, 433, '2026-05-24 10:21:07', '2026-05-24 10:21:07'),
(448, 14, 'April', '2024', 419, 16, 435, '2026-05-24 10:21:07', '2026-05-24 10:21:07'),
(449, 14, 'Mei', '2024', 414, 15, 429, '2026-05-24 10:21:07', '2026-05-24 10:21:07'),
(450, 14, 'Juni', '2024', 418, 17, 435, '2026-05-24 10:21:07', '2026-05-24 10:21:07'),
(451, 14, 'Juli', '2024', 412, 20, 432, '2026-05-24 10:21:07', '2026-05-24 10:21:07'),
(452, 14, 'Agustus', '2024', 424, 19, 443, '2026-05-24 10:21:07', '2026-05-24 10:21:07'),
(453, 14, 'September', '2024', 420, 19, 439, '2026-05-24 10:21:07', '2026-05-24 10:21:07'),
(454, 14, 'Oktober', '2024', 430, 20, 450, '2026-05-24 10:21:07', '2026-05-24 10:21:07'),
(455, 14, 'November', '2024', 424, 20, 444, '2026-05-24 10:21:07', '2026-05-24 10:21:07'),
(456, 14, 'Desember', '2024', 419, 23, 442, '2026-05-24 10:21:07', '2026-05-24 10:21:07'),
(457, 15, 'Januari', '2024', 525, 27, 552, '2026-05-24 10:21:07', '2026-05-24 10:21:07'),
(458, 15, 'Februari', '2024', 536, 30, 566, '2026-05-24 10:21:07', '2026-05-24 10:21:07'),
(459, 15, 'Maret', '2024', 535, 33, 568, '2026-05-24 10:21:07', '2026-05-24 10:21:07'),
(460, 15, 'April', '2024', 539, 35, 574, '2026-05-24 10:21:07', '2026-05-24 10:21:07'),
(461, 15, 'Mei', '2024', 545, 36, 581, '2026-05-24 10:21:07', '2026-05-24 10:21:07'),
(462, 15, 'Juni', '2024', 555, 38, 593, '2026-05-24 10:21:07', '2026-05-24 10:21:07'),
(463, 15, 'Juli', '2024', 556, 41, 597, '2026-05-24 10:21:07', '2026-05-24 10:21:07'),
(464, 15, 'Agustus', '2024', 567, 40, 607, '2026-05-24 10:21:07', '2026-05-24 10:21:07'),
(465, 15, 'September', '2024', 578, 39, 617, '2026-05-24 10:21:07', '2026-05-24 10:21:07'),
(466, 15, 'Oktober', '2024', 576, 39, 615, '2026-05-24 10:21:07', '2026-05-24 10:21:07'),
(467, 15, 'November', '2024', 576, 38, 614, '2026-05-24 10:21:07', '2026-05-24 10:21:07'),
(468, 15, 'Desember', '2024', 573, 38, 611, '2026-05-24 10:21:07', '2026-05-24 10:21:07'),
(469, 16, 'Januari', '2024', 443, 20, 463, '2026-05-24 10:21:07', '2026-05-24 10:21:07'),
(470, 16, 'Februari', '2024', 437, 20, 457, '2026-05-24 10:21:07', '2026-05-24 10:21:07'),
(471, 16, 'Maret', '2024', 429, 22, 451, '2026-05-24 10:21:07', '2026-05-24 10:21:07'),
(472, 16, 'April', '2024', 435, 25, 460, '2026-05-24 10:21:07', '2026-05-24 10:21:07'),
(473, 16, 'Mei', '2024', 442, 26, 468, '2026-05-24 10:21:07', '2026-05-24 10:21:07'),
(474, 16, 'Juni', '2024', 435, 26, 461, '2026-05-24 10:21:07', '2026-05-24 10:21:07'),
(475, 16, 'Juli', '2024', 436, 27, 463, '2026-05-24 10:21:07', '2026-05-24 10:21:07'),
(476, 16, 'Agustus', '2024', 450, 29, 479, '2026-05-24 10:21:07', '2026-05-24 10:21:07'),
(477, 16, 'September', '2024', 444, 29, 473, '2026-05-24 10:21:07', '2026-05-24 10:21:07'),
(478, 16, 'Oktober', '2024', 444, 32, 476, '2026-05-24 10:21:07', '2026-05-24 10:21:07'),
(479, 16, 'November', '2024', 457, 32, 489, '2026-05-24 10:21:07', '2026-05-24 10:21:07'),
(480, 16, 'Desember', '2024', 462, 31, 493, '2026-05-24 10:21:07', '2026-05-24 10:21:07'),
(481, 7, 'Januari', '2025', 827, 52, 879, '2026-05-24 10:21:07', '2026-05-24 10:21:07'),
(482, 7, 'Februari', '2025', 839, 52, 891, '2026-05-24 10:21:07', '2026-05-24 10:21:07'),
(483, 7, 'Maret', '2025', 839, 52, 891, '2026-05-24 10:21:07', '2026-05-24 10:21:07'),
(484, 7, 'April', '2025', 833, 51, 884, '2026-05-24 10:21:07', '2026-05-24 10:21:07'),
(485, 7, 'Mei', '2025', 830, 52, 882, '2026-05-24 10:21:07', '2026-05-24 10:21:07'),
(486, 7, 'Juni', '2025', 841, 55, 896, '2026-05-24 10:21:07', '2026-05-24 10:21:07'),
(487, 7, 'Juli', '2025', 842, 57, 899, '2026-05-24 10:21:07', '2026-05-24 10:21:07'),
(488, 7, 'Agustus', '2025', 837, 59, 896, '2026-05-24 10:21:07', '2026-05-24 10:21:07'),
(489, 7, 'September', '2025', 851, 60, 911, '2026-05-24 10:21:07', '2026-05-24 10:21:07'),
(490, 7, 'Oktober', '2025', 865, 62, 927, '2026-05-24 10:21:07', '2026-05-24 10:21:07'),
(491, 7, 'November', '2025', 865, 65, 930, '2026-05-24 10:21:07', '2026-05-24 10:21:07'),
(492, 7, 'Desember', '2025', 874, 67, 941, '2026-05-24 10:21:07', '2026-05-24 10:21:07'),
(493, 8, 'Januari', '2025', 758, 38, 796, '2026-05-24 10:21:07', '2026-05-24 10:21:07'),
(494, 8, 'Februari', '2025', 769, 37, 806, '2026-05-24 10:21:07', '2026-05-24 10:21:07'),
(495, 8, 'Maret', '2025', 774, 38, 812, '2026-05-24 10:21:07', '2026-05-24 10:21:07'),
(496, 8, 'April', '2025', 785, 39, 824, '2026-05-24 10:21:07', '2026-05-24 10:21:07'),
(497, 8, 'Mei', '2025', 777, 38, 815, '2026-05-24 10:21:07', '2026-05-24 10:21:07'),
(498, 8, 'Juni', '2025', 776, 41, 817, '2026-05-24 10:21:07', '2026-05-24 10:21:07'),
(499, 8, 'Juli', '2025', 786, 40, 826, '2026-05-24 10:21:07', '2026-05-24 10:21:07'),
(500, 8, 'Agustus', '2025', 799, 41, 840, '2026-05-24 10:21:07', '2026-05-24 10:21:07'),
(501, 8, 'September', '2025', 809, 40, 849, '2026-05-24 10:21:07', '2026-05-24 10:21:07'),
(502, 8, 'Oktober', '2025', 806, 42, 848, '2026-05-24 10:21:07', '2026-05-24 10:21:07'),
(503, 8, 'November', '2025', 814, 44, 858, '2026-05-24 10:21:07', '2026-05-24 10:21:07'),
(504, 8, 'Desember', '2025', 814, 44, 858, '2026-05-24 10:21:07', '2026-05-24 10:21:07'),
(505, 9, 'Januari', '2025', 934, 38, 972, '2026-05-24 10:21:07', '2026-05-24 10:21:07'),
(506, 9, 'Februari', '2025', 946, 40, 986, '2026-05-24 10:21:07', '2026-05-24 10:21:07'),
(507, 9, 'Maret', '2025', 940, 42, 982, '2026-05-24 10:21:07', '2026-05-24 10:21:07'),
(508, 9, 'April', '2025', 943, 44, 987, '2026-05-24 10:21:07', '2026-05-24 10:21:07'),
(509, 9, 'Mei', '2025', 945, 45, 990, '2026-05-24 10:21:07', '2026-05-24 10:21:07'),
(510, 9, 'Juni', '2025', 958, 44, 1002, '2026-05-24 10:21:07', '2026-05-24 10:21:07'),
(511, 9, 'Juli', '2025', 955, 45, 1000, '2026-05-24 10:21:07', '2026-05-24 10:21:07'),
(512, 9, 'Agustus', '2025', 960, 47, 1007, '2026-05-24 10:21:07', '2026-05-24 10:21:07'),
(513, 9, 'September', '2025', 961, 49, 1010, '2026-05-24 10:21:07', '2026-05-24 10:21:07'),
(514, 9, 'Oktober', '2025', 970, 48, 1018, '2026-05-24 10:21:07', '2026-05-24 10:21:07'),
(515, 9, 'November', '2025', 976, 47, 1023, '2026-05-24 10:21:07', '2026-05-24 10:21:07'),
(516, 9, 'Desember', '2025', 978, 48, 1026, '2026-05-24 10:21:07', '2026-05-24 10:21:07'),
(517, 10, 'Januari', '2025', 662, 28, 690, '2026-05-24 10:21:07', '2026-05-24 10:21:07'),
(518, 10, 'Februari', '2025', 666, 31, 697, '2026-05-24 10:21:07', '2026-05-24 10:21:07'),
(519, 10, 'Maret', '2025', 658, 34, 692, '2026-05-24 10:21:07', '2026-05-24 10:21:07'),
(520, 10, 'April', '2025', 664, 36, 700, '2026-05-24 10:21:07', '2026-05-24 10:21:07'),
(521, 10, 'Mei', '2025', 657, 36, 693, '2026-05-24 10:21:07', '2026-05-24 10:21:07'),
(522, 10, 'Juni', '2025', 665, 37, 702, '2026-05-24 10:21:07', '2026-05-24 10:21:07'),
(523, 10, 'Juli', '2025', 676, 39, 715, '2026-05-24 10:21:07', '2026-05-24 10:21:07'),
(524, 10, 'Agustus', '2025', 688, 41, 729, '2026-05-24 10:21:07', '2026-05-24 10:21:07'),
(525, 10, 'September', '2025', 681, 41, 722, '2026-05-24 10:21:07', '2026-05-24 10:21:07'),
(526, 10, 'Oktober', '2025', 681, 44, 725, '2026-05-24 10:21:07', '2026-05-24 10:21:07'),
(527, 10, 'November', '2025', 677, 45, 722, '2026-05-24 10:21:07', '2026-05-24 10:21:07'),
(528, 10, 'Desember', '2025', 683, 47, 730, '2026-05-24 10:21:07', '2026-05-24 10:21:07'),
(529, 11, 'Januari', '2025', 1024, 65, 1089, '2026-05-24 10:21:07', '2026-05-24 10:21:07'),
(530, 11, 'Februari', '2025', 1036, 68, 1104, '2026-05-24 10:21:07', '2026-05-24 10:21:07'),
(531, 11, 'Maret', '2025', 1035, 68, 1103, '2026-05-24 10:21:07', '2026-05-24 10:21:07'),
(532, 11, 'April', '2025', 1036, 71, 1107, '2026-05-24 10:21:07', '2026-05-24 10:21:07'),
(533, 11, 'Mei', '2025', 1028, 74, 1102, '2026-05-24 10:21:07', '2026-05-24 10:21:07'),
(534, 11, 'Juni', '2025', 1033, 73, 1106, '2026-05-24 10:21:07', '2026-05-24 10:21:07'),
(535, 11, 'Juli', '2025', 1032, 72, 1104, '2026-05-24 10:21:07', '2026-05-24 10:21:07'),
(536, 11, 'Agustus', '2025', 1038, 71, 1109, '2026-05-24 10:21:07', '2026-05-24 10:21:07'),
(537, 11, 'September', '2025', 1050, 71, 1121, '2026-05-24 10:21:07', '2026-05-24 10:21:07'),
(538, 11, 'Oktober', '2025', 1057, 72, 1129, '2026-05-24 10:21:07', '2026-05-24 10:21:07'),
(539, 11, 'November', '2025', 1065, 73, 1138, '2026-05-24 10:21:07', '2026-05-24 10:21:07'),
(540, 11, 'Desember', '2025', 1070, 75, 1145, '2026-05-24 10:21:07', '2026-05-24 10:21:07'),
(541, 12, 'Januari', '2025', 521, 19, 540, '2026-05-24 10:21:07', '2026-05-24 10:21:07'),
(542, 12, 'Februari', '2025', 527, 22, 549, '2026-05-24 10:21:07', '2026-05-24 10:21:07'),
(543, 12, 'Maret', '2025', 523, 24, 547, '2026-05-24 10:21:07', '2026-05-24 10:21:07'),
(544, 12, 'April', '2025', 521, 27, 548, '2026-05-24 10:21:07', '2026-05-24 10:21:07'),
(545, 12, 'Mei', '2025', 529, 27, 556, '2026-05-24 10:21:07', '2026-05-24 10:21:07'),
(546, 12, 'Juni', '2025', 523, 28, 551, '2026-05-24 10:21:07', '2026-05-24 10:21:07'),
(547, 12, 'Juli', '2025', 528, 29, 557, '2026-05-24 10:21:07', '2026-05-24 10:21:07'),
(548, 12, 'Agustus', '2025', 536, 30, 566, '2026-05-24 10:21:07', '2026-05-24 10:21:07'),
(549, 12, 'September', '2025', 528, 31, 559, '2026-05-24 10:21:07', '2026-05-24 10:21:07'),
(550, 12, 'Oktober', '2025', 543, 32, 575, '2026-05-24 10:21:07', '2026-05-24 10:21:07'),
(551, 12, 'November', '2025', 553, 35, 588, '2026-05-24 10:21:07', '2026-05-24 10:21:07'),
(552, 12, 'Desember', '2025', 566, 37, 603, '2026-05-24 10:21:07', '2026-05-24 10:21:07'),
(553, 13, 'Januari', '2025', 590, 17, 607, '2026-05-24 10:21:07', '2026-05-24 10:21:07'),
(554, 13, 'Februari', '2025', 599, 19, 618, '2026-05-24 10:21:07', '2026-05-24 10:21:07'),
(555, 13, 'Maret', '2025', 602, 20, 622, '2026-05-24 10:21:07', '2026-05-24 10:21:07'),
(556, 13, 'April', '2025', 611, 23, 634, '2026-05-24 10:21:07', '2026-05-24 10:21:07'),
(557, 13, 'Mei', '2025', 615, 25, 640, '2026-05-24 10:21:07', '2026-05-24 10:21:07'),
(558, 13, 'Juni', '2025', 617, 25, 642, '2026-05-24 10:21:07', '2026-05-24 10:21:07'),
(559, 13, 'Juli', '2025', 631, 25, 656, '2026-05-24 10:21:07', '2026-05-24 10:21:07'),
(560, 13, 'Agustus', '2025', 641, 27, 668, '2026-05-24 10:21:07', '2026-05-24 10:21:07'),
(561, 13, 'September', '2025', 640, 29, 669, '2026-05-24 10:21:07', '2026-05-24 10:21:07'),
(562, 13, 'Oktober', '2025', 633, 30, 663, '2026-05-24 10:21:07', '2026-05-24 10:21:07'),
(563, 13, 'November', '2025', 648, 32, 680, '2026-05-24 10:21:07', '2026-05-24 10:21:07'),
(564, 13, 'Desember', '2025', 662, 34, 696, '2026-05-24 10:21:07', '2026-05-24 10:21:07'),
(565, 14, 'Januari', '2025', 439, 13, 452, '2026-05-24 10:21:07', '2026-05-24 10:21:07'),
(566, 14, 'Februari', '2025', 446, 12, 458, '2026-05-24 10:21:07', '2026-05-24 10:21:07'),
(567, 14, 'Maret', '2025', 442, 15, 457, '2026-05-24 10:21:07', '2026-05-24 10:21:07'),
(568, 14, 'April', '2025', 452, 16, 468, '2026-05-24 10:21:07', '2026-05-24 10:21:07'),
(569, 14, 'Mei', '2025', 447, 18, 465, '2026-05-24 10:21:07', '2026-05-24 10:21:07'),
(570, 14, 'Juni', '2025', 442, 21, 463, '2026-05-24 10:21:07', '2026-05-24 10:21:07'),
(571, 14, 'Juli', '2025', 448, 20, 468, '2026-05-24 10:21:07', '2026-05-24 10:21:07'),
(572, 14, 'Agustus', '2025', 463, 20, 483, '2026-05-24 10:21:07', '2026-05-24 10:21:07'),
(573, 14, 'September', '2025', 468, 20, 488, '2026-05-24 10:21:07', '2026-05-24 10:21:07'),
(574, 14, 'Oktober', '2025', 462, 22, 484, '2026-05-24 10:21:07', '2026-05-24 10:21:07');
INSERT INTO `customers` (`id`, `olt_id`, `month`, `year`, `b2c`, `b2b`, `total_customers`, `created_at`, `updated_at`) VALUES
(575, 14, 'November', '2025', 462, 23, 485, '2026-05-24 10:21:07', '2026-05-24 10:21:07'),
(576, 14, 'Desember', '2025', 473, 25, 498, '2026-05-24 10:21:07', '2026-05-24 10:21:07'),
(577, 15, 'Januari', '2025', 566, 25, 591, '2026-05-24 10:21:07', '2026-05-24 10:21:07'),
(578, 15, 'Februari', '2025', 568, 28, 596, '2026-05-24 10:21:07', '2026-05-24 10:21:07'),
(579, 15, 'Maret', '2025', 572, 29, 601, '2026-05-24 10:21:07', '2026-05-24 10:21:07'),
(580, 15, 'April', '2025', 584, 31, 615, '2026-05-24 10:21:07', '2026-05-24 10:21:07'),
(581, 15, 'Mei', '2025', 593, 30, 623, '2026-05-24 10:21:07', '2026-05-24 10:21:07'),
(582, 15, 'Juni', '2025', 604, 29, 633, '2026-05-24 10:21:07', '2026-05-24 10:21:07'),
(583, 15, 'Juli', '2025', 603, 30, 633, '2026-05-24 10:21:07', '2026-05-24 10:21:07'),
(584, 15, 'Agustus', '2025', 602, 29, 631, '2026-05-24 10:21:07', '2026-05-24 10:21:07'),
(585, 15, 'September', '2025', 607, 28, 635, '2026-05-24 10:21:07', '2026-05-24 10:21:07'),
(586, 15, 'Oktober', '2025', 619, 27, 646, '2026-05-24 10:21:07', '2026-05-24 10:21:07'),
(587, 15, 'November', '2025', 625, 27, 652, '2026-05-24 10:21:07', '2026-05-24 10:21:07'),
(588, 15, 'Desember', '2025', 639, 28, 667, '2026-05-24 10:21:07', '2026-05-24 10:21:07'),
(589, 16, 'Januari', '2025', 467, 17, 484, '2026-05-24 10:21:07', '2026-05-24 10:21:07'),
(590, 16, 'Februari', '2025', 469, 16, 485, '2026-05-24 10:21:07', '2026-05-24 10:21:07'),
(591, 16, 'Maret', '2025', 470, 17, 487, '2026-05-24 10:21:08', '2026-05-24 10:21:08'),
(592, 16, 'April', '2025', 473, 19, 492, '2026-05-24 10:21:08', '2026-05-24 10:21:08'),
(593, 16, 'Mei', '2025', 469, 19, 488, '2026-05-24 10:21:08', '2026-05-24 10:21:08'),
(594, 16, 'Juni', '2025', 477, 21, 498, '2026-05-24 10:21:08', '2026-05-24 10:21:08'),
(595, 16, 'Juli', '2025', 487, 21, 508, '2026-05-24 10:21:08', '2026-05-24 10:21:08'),
(596, 16, 'Agustus', '2025', 484, 21, 505, '2026-05-24 10:21:08', '2026-05-24 10:21:08'),
(597, 16, 'September', '2025', 478, 24, 502, '2026-05-24 10:21:08', '2026-05-24 10:21:08'),
(598, 16, 'Oktober', '2025', 482, 27, 509, '2026-05-24 10:21:08', '2026-05-24 10:21:08'),
(599, 16, 'November', '2025', 495, 27, 522, '2026-05-24 10:21:08', '2026-05-24 10:21:08'),
(600, 16, 'Desember', '2025', 502, 30, 532, '2026-05-24 10:21:08', '2026-05-24 10:21:08');

-- --------------------------------------------------------

--
-- Table structure for table `failed_jobs`
--

CREATE TABLE `failed_jobs` (
  `id` bigint(20) UNSIGNED NOT NULL,
  `uuid` varchar(255) NOT NULL,
  `connection` text NOT NULL,
  `queue` text NOT NULL,
  `payload` longtext NOT NULL,
  `exception` longtext NOT NULL,
  `failed_at` timestamp NOT NULL DEFAULT current_timestamp()
) ENGINE=InnoDB DEFAULT CHARSET=utf8mb4 COLLATE=utf8mb4_unicode_ci;

-- --------------------------------------------------------

--
-- Table structure for table `migrations`
--

CREATE TABLE `migrations` (
  `id` int(10) UNSIGNED NOT NULL,
  `migration` varchar(255) NOT NULL,
  `batch` int(11) NOT NULL
) ENGINE=InnoDB DEFAULT CHARSET=utf8mb4 COLLATE=utf8mb4_unicode_ci;

--
-- Dumping data for table `migrations`
--

INSERT INTO `migrations` (`id`, `migration`, `batch`) VALUES
(1, '2014_10_12_000000_create_users_table', 1),
(2, '2014_10_12_100000_create_password_reset_tokens_table', 1),
(3, '2019_08_19_000000_create_failed_jobs_table', 1),
(4, '2019_12_14_000001_create_personal_access_tokens_table', 1),
(5, '2026_04_27_074136_create_customers_table', 1),
(6, '2026_04_28_143137_create_olts_table', 1),
(7, '2026_04_28_153758_add_olt_id_to_customers_table', 1),
(11, '2026_04_28_161236_drop_olt_hostname_from_customers_table', 2),
(12, '2026_04_28_172616_add_role_to_users_table', 2),
(13, '2026_05_10_000000_update_status_column_in_olts_table', 2),
(14, '2026_05_20_000000_create_notifications_table', 3);

-- --------------------------------------------------------

--
-- Table structure for table `notifications`
--

CREATE TABLE `notifications` (
  `id` bigint(20) UNSIGNED NOT NULL,
  `type` varchar(255) NOT NULL,
  `title` varchar(255) NOT NULL,
  `message` text NOT NULL,
  `icon` varchar(255) NOT NULL DEFAULT 'bell',
  `color` varchar(255) NOT NULL DEFAULT 'primary',
  `is_read` tinyint(1) NOT NULL DEFAULT 0,
  `user_id` bigint(20) UNSIGNED DEFAULT NULL,
  `created_at` timestamp NULL DEFAULT NULL,
  `updated_at` timestamp NULL DEFAULT NULL
) ENGINE=InnoDB DEFAULT CHARSET=utf8mb4 COLLATE=utf8mb4_unicode_ci;

--
-- Dumping data for table `notifications`
--

INSERT INTO `notifications` (`id`, `type`, `title`, `message`, `icon`, `color`, `is_read`, `user_id`, `created_at`, `updated_at`) VALUES
(1, 'report_exported', 'Laporan Diekspor', 'Laporan pertumbuhan pelanggan OLT OLT01-BANJARMASIN-CENTRAL-HWI berhasil diekspor ke PDF pada 29 May 2026, 02:38 WIB.', 'file', 'success', 1, 1, '2026-05-28 19:38:04', '2026-05-28 19:58:03'),
(2, 'report_exported', 'Laporan Diekspor', 'Laporan pertumbuhan pelanggan OLT OLT01-BANJARMASIN-CENTRAL-HWI berhasil diekspor ke PDF pada 29 May 2026, 02:38 WIB.', 'file', 'success', 1, 1, '2026-05-28 19:38:12', '2026-05-28 19:58:03'),
(3, 'prediction_run', 'Prediksi Dijalankan', 'Prediksi pertumbuhan pelanggan untuk OLT OLT01-BANJARMASIN-CENTRAL-HWI berhasil dijalankan. Hasil prediksi: 922 pelanggan.', 'chart', 'primary', 1, 1, '2026-05-28 19:51:07', '2026-05-28 19:58:03'),
(4, 'prediction_run', 'Prediksi Dijalankan', 'Prediksi pertumbuhan pelanggan untuk OLT OLT01-BANJARMASIN-CENTRAL-HWI berhasil dijalankan. Hasil prediksi: 922 pelanggan.', 'chart', 'primary', 1, 1, '2026-05-28 19:54:04', '2026-05-28 19:58:03'),
(5, 'prediction_run', 'Prediksi Dijalankan', 'Prediksi pertumbuhan pelanggan untuk OLT OLT01-BANJARMASIN-CENTRAL-HWI berhasil dijalankan. Hasil prediksi: 922 pelanggan.', 'chart', 'primary', 1, 1, '2026-05-28 19:57:26', '2026-05-28 19:58:03'),
(6, 'prediction_run', 'Prediksi Dijalankan', 'Prediksi pertumbuhan pelanggan untuk OLT OLT05-BANJARMASIN-SELATAN-HWI berhasil dijalankan. Hasil prediksi: 1129 pelanggan.', 'chart', 'primary', 1, 1, '2026-05-28 19:57:42', '2026-05-28 19:58:03'),
(7, 'user_login', 'User Login', 'admin1 (admin) berhasil login pada 29 May 2026, 03:01 WIB.', 'user', 'primary', 0, 1, '2026-05-28 20:01:07', '2026-05-28 20:01:07'),
(8, 'user_created', 'User Baru Ditambahkan', 'Akun user baru dengan nama manajer1 (role: manajer) berhasil dibuat.', 'user', 'success', 0, 1, '2026-05-28 20:01:55', '2026-05-28 20:01:55'),
(9, 'user_login', 'User Login', 'manajer1 (user) berhasil login pada 29 May 2026, 03:02 WIB.', 'user', 'primary', 0, 6, '2026-05-28 20:02:16', '2026-05-28 20:02:16'),
(10, 'user_login', 'User Login', 'manajer (manajer) berhasil login pada 29 May 2026, 03:02 WIB.', 'user', 'primary', 0, 2, '2026-05-28 20:02:47', '2026-05-28 20:02:47'),
(11, 'user_login', 'User Login', 'admin1 (admin) berhasil login pada 31 May 2026, 12:22 WIB.', 'user', 'primary', 0, 1, '2026-05-31 05:22:08', '2026-05-31 05:22:08'),
(12, 'prediction_run', 'Prediksi Dijalankan', 'Prediksi pertumbuhan pelanggan untuk OLT OLT01-BANJARMASIN-CENTRAL-HWI berhasil dijalankan. Hasil prediksi: 922 pelanggan.', 'chart', 'primary', 0, 1, '2026-05-31 05:25:30', '2026-05-31 05:25:30'),
(13, 'prediction_run', 'Prediksi Dijalankan', 'Prediksi pertumbuhan pelanggan untuk OLT OLT03-BANJARMASIN-TIMUR-HWI berhasil dijalankan. Hasil prediksi: 1016 pelanggan.', 'chart', 'primary', 0, 1, '2026-05-31 05:25:35', '2026-05-31 05:25:35'),
(14, 'prediction_run', 'Prediksi Dijalankan', 'Prediksi pertumbuhan pelanggan untuk OLT OLT07-SUNGAIANDAI-HWI berhasil dijalankan. Hasil prediksi: 673 pelanggan.', 'chart', 'primary', 0, 1, '2026-05-31 05:25:41', '2026-05-31 05:25:41'),
(15, 'prediction_run', 'Prediksi Dijalankan', 'Prediksi pertumbuhan pelanggan untuk OLT OLT06-KAYUTANGI-ZTE berhasil dijalankan. Hasil prediksi: 580 pelanggan.', 'chart', 'primary', 0, 1, '2026-05-31 05:25:46', '2026-05-31 05:25:46'),
(16, 'user_login', 'User Login', 'manajer (manajer) berhasil login pada 01 Jun 2026, 14:04 WIB.', 'user', 'primary', 0, 2, '2026-06-01 06:04:12', '2026-06-01 06:04:12'),
(17, 'user_login', 'User Login', 'manajer1 (user) berhasil login pada 01 Jun 2026, 14:04 WIB.', 'user', 'primary', 0, 6, '2026-06-01 06:04:24', '2026-06-01 06:04:24'),
(18, 'user_login', 'User Login', 'manajer (manajer) berhasil login pada 01 Jun 2026, 14:04 WIB.', 'user', 'primary', 0, 2, '2026-06-01 06:04:46', '2026-06-01 06:04:46'),
(19, 'user_login', 'User Login', 'manajer1 (user) berhasil login pada 01 Jun 2026, 14:12 WIB.', 'user', 'primary', 0, 6, '2026-06-01 06:12:06', '2026-06-01 06:12:06'),
(20, 'user_login', 'User Login', 'admin1 (admin) berhasil login pada 01 Jun 2026, 14:21 WIB.', 'user', 'primary', 0, 1, '2026-06-01 06:21:08', '2026-06-01 06:21:08'),
(21, 'user_updated', 'Data User Diperbarui', 'Data user telah diperbarui.', 'edit', 'primary', 0, 1, '2026-06-01 06:21:31', '2026-06-01 06:21:31'),
(22, 'user_deleted', 'User Dihapus', 'Akun user Admin User (role: user) telah dihapus dari sistem.', 'trash', 'danger', 0, 1, '2026-06-01 06:21:39', '2026-06-01 06:21:39'),
(23, 'user_login', 'User Login', 'manajer1 (manajer) berhasil login pada 01 Jun 2026, 14:21 WIB.', 'user', 'primary', 0, 6, '2026-06-01 06:21:50', '2026-06-01 06:21:50'),
(24, 'user_login', 'User Login', 'admin1 (admin) berhasil login pada 01 Jun 2026, 14:27 WIB.', 'user', 'primary', 0, 1, '2026-06-01 06:27:50', '2026-06-01 06:27:50'),
(25, 'user_created', 'User Baru Ditambahkan', 'Akun user baru dengan nama septi (role: manajer) berhasil dibuat.', 'user', 'success', 0, 1, '2026-06-01 07:13:41', '2026-06-01 07:13:41'),
(26, 'user_login', 'User Login', 'septi (manajer) berhasil login pada 01 Jun 2026, 15:13 WIB.', 'user', 'primary', 0, 7, '2026-06-01 07:13:55', '2026-06-01 07:13:55'),
(27, 'user_login', 'User Login', 'admin1 (admin) berhasil login pada 03 Jun 2026, 12:28 WIB.', 'user', 'primary', 0, 1, '2026-06-03 05:28:37', '2026-06-03 05:28:37'),
(28, 'prediction_run', 'Prediksi Dijalankan', 'Prediksi pertumbuhan pelanggan untuk OLT OLT01-BANJARMASIN-CENTRAL-HWI berhasil dijalankan. Hasil prediksi: 940 pelanggan.', 'chart', 'primary', 0, 1, '2026-06-03 05:28:46', '2026-06-03 05:28:46'),
(29, 'prediction_run', 'Prediksi Dijalankan', 'Prediksi pertumbuhan pelanggan untuk OLT OLT01-BANJARMASIN-CENTRAL-HWI berhasil dijalankan. Hasil prediksi: 940 pelanggan.', 'chart', 'primary', 0, 1, '2026-06-03 05:29:30', '2026-06-03 05:29:30'),
(30, 'prediction_run', 'Prediksi Dijalankan', 'Prediksi pertumbuhan pelanggan untuk OLT OLT06-KAYUTANGI-ZTE berhasil dijalankan. Hasil prediksi: 601 pelanggan.', 'chart', 'primary', 0, 1, '2026-06-03 05:50:27', '2026-06-03 05:50:27'),
(31, 'prediction_run', 'Prediksi Dijalankan', 'Prediksi pertumbuhan pelanggan untuk OLT OLT08-PEMURUS-FH berhasil dijalankan. Hasil prediksi: 497 pelanggan.', 'chart', 'primary', 0, 1, '2026-06-03 05:52:42', '2026-06-03 05:52:42'),
(32, 'report_exported', 'Laporan Diekspor', 'Laporan pertumbuhan pelanggan OLT OLT04-BANJARMASIN-UTARA-FH berhasil diekspor ke PDF pada 03 Jun 2026, 12:54 WIB.', 'file', 'success', 0, 1, '2026-06-03 05:54:21', '2026-06-03 05:54:21'),
(33, 'user_login', 'User Login', 'admin1 (admin) berhasil login pada 03 Jun 2026, 15:02 WIB.', 'user', 'primary', 0, 1, '2026-06-03 08:02:06', '2026-06-03 08:02:06'),
(34, 'user_login', 'User Login', 'admin1 (admin) berhasil login pada 10 Jun 2026, 09:20 WIB.', 'user', 'primary', 0, 1, '2026-06-10 02:20:00', '2026-06-10 02:20:00');

-- --------------------------------------------------------

--
-- Table structure for table `olts`
--

CREATE TABLE `olts` (
  `id` bigint(20) UNSIGNED NOT NULL,
  `hostname` varchar(255) NOT NULL,
  `location` varchar(255) DEFAULT NULL,
  `status` enum('active','maintenance','non-active') NOT NULL DEFAULT 'active',
  `created_at` timestamp NULL DEFAULT NULL,
  `updated_at` timestamp NULL DEFAULT NULL
) ENGINE=InnoDB DEFAULT CHARSET=utf8mb4 COLLATE=utf8mb4_unicode_ci;

--
-- Dumping data for table `olts`
--

INSERT INTO `olts` (`id`, `hostname`, `location`, `status`, `created_at`, `updated_at`) VALUES
(5, 'OLT01-BANJARBARU-HWI', 'Banjarbaru', 'active', '2026-05-10 01:38:39', '2026-05-10 01:38:39'),
(7, 'OLT01-BANJARMASIN-CENTRAL-HWI', 'Banjarmasin Tengah', 'active', '2026-05-23 23:36:05', '2026-05-23 23:36:05'),
(8, 'OLT02-BANJARMASIN-BARAT-ZTE', 'Banjarmasin Barat', 'active', '2026-05-23 23:36:36', '2026-05-23 23:36:36'),
(9, 'OLT03-BANJARMASIN-TIMUR-HWI', 'Banjarmasin Timur', 'active', '2026-05-23 23:37:04', '2026-05-23 23:37:04'),
(10, 'OLT04-BANJARMASIN-UTARA-FH', 'Banjarmasin Utara', 'active', '2026-05-23 23:37:36', '2026-05-23 23:37:36'),
(11, 'OLT05-BANJARMASIN-SELATAN-HWI', 'Banjarmasin Selatan', 'active', '2026-05-23 23:38:04', '2026-05-23 23:38:04'),
(12, 'OLT06-KAYUTANGI-ZTE', 'Kayu Tangi', 'active', '2026-05-23 23:38:38', '2026-05-23 23:38:38'),
(13, 'OLT07-SUNGAIANDAI-HWI', 'Sungai Andai', 'active', '2026-05-23 23:39:03', '2026-05-23 23:39:03'),
(14, 'OLT08-PEMURUS-FH', 'Pemurus', 'active', '2026-05-23 23:39:47', '2026-05-23 23:39:47'),
(15, 'OLT09-KELAYAN-HWI', 'Kelayan', 'active', '2026-05-23 23:40:30', '2026-05-23 23:40:30'),
(16, 'OLT10-KUIN-ZTE', 'Kuin', 'active', '2026-05-23 23:40:52', '2026-05-23 23:40:52');

-- --------------------------------------------------------

--
-- Table structure for table `password_reset_tokens`
--

CREATE TABLE `password_reset_tokens` (
  `email` varchar(255) NOT NULL,
  `token` varchar(255) NOT NULL,
  `created_at` timestamp NULL DEFAULT NULL
) ENGINE=InnoDB DEFAULT CHARSET=utf8mb4 COLLATE=utf8mb4_unicode_ci;

--
-- Dumping data for table `password_reset_tokens`
--

INSERT INTO `password_reset_tokens` (`email`, `token`, `created_at`) VALUES
('admin1@gmail.com', '$2y$10$gWOEGM15doJAwTa4dMxcT.UB7zGbpk6lwOqejvIGfqB2UBvpUWely', '2026-05-31 05:36:15'),
('nurseptiafajrina16@gmail.com', '$2y$10$EnIhzono1mZ4VS03IkU73eH57IflcImdnLIy7loOWCBWDEr8OZnry', '2026-06-01 07:31:49');

-- --------------------------------------------------------

--
-- Table structure for table `personal_access_tokens`
--

CREATE TABLE `personal_access_tokens` (
  `id` bigint(20) UNSIGNED NOT NULL,
  `tokenable_type` varchar(255) NOT NULL,
  `tokenable_id` bigint(20) UNSIGNED NOT NULL,
  `name` varchar(255) NOT NULL,
  `token` varchar(64) NOT NULL,
  `abilities` text DEFAULT NULL,
  `last_used_at` timestamp NULL DEFAULT NULL,
  `expires_at` timestamp NULL DEFAULT NULL,
  `created_at` timestamp NULL DEFAULT NULL,
  `updated_at` timestamp NULL DEFAULT NULL
) ENGINE=InnoDB DEFAULT CHARSET=utf8mb4 COLLATE=utf8mb4_unicode_ci;

-- --------------------------------------------------------

--
-- Table structure for table `users`
--

CREATE TABLE `users` (
  `id` bigint(20) UNSIGNED NOT NULL,
  `name` varchar(255) NOT NULL,
  `email` varchar(255) NOT NULL,
  `email_verified_at` timestamp NULL DEFAULT NULL,
  `password` varchar(255) NOT NULL,
  `remember_token` varchar(100) DEFAULT NULL,
  `created_at` timestamp NULL DEFAULT NULL,
  `updated_at` timestamp NULL DEFAULT NULL,
  `role` varchar(255) NOT NULL DEFAULT 'user'
) ENGINE=InnoDB DEFAULT CHARSET=utf8mb4 COLLATE=utf8mb4_unicode_ci;

--
-- Dumping data for table `users`
--

INSERT INTO `users` (`id`, `name`, `email`, `email_verified_at`, `password`, `remember_token`, `created_at`, `updated_at`, `role`) VALUES
(1, 'admin1', 'admin1@gmail.com', NULL, '$2y$10$6pcthJ5XGEIoi22zp1.dw.x5HjDbPXn9QTz2VDI4ri6DnXh2b/4li', NULL, '2026-04-28 09:14:28', '2026-04-28 09:14:28', 'admin'),
(2, 'manajer', 'manajer@gmail.com', NULL, '$2y$10$jNNUmTrmELPUl9KOZzO7fONa9d5f1Idtiv2qjRS/tlS4NJc9qjr.e', NULL, '2026-05-07 21:49:35', '2026-05-07 21:49:35', 'manajer'),
(6, 'manajer1', 'manajer1@gmail.com', NULL, '$2y$10$4Go8tM2ktKDBzx4hiFL9HeHXfAS7QfAsluv.iFWigPWBOrBYx8Pfu', NULL, '2026-05-28 20:01:55', '2026-06-01 06:21:31', 'manajer'),
(7, 'septi', 'nurseptiafajrina16@gmail.com', NULL, '$2y$10$VGmFkPxKDDY3sm25zek4iOgqLK1pwIiFgVaoK7oajqlR6ogeEUdFC', NULL, '2026-06-01 07:13:41', '2026-06-01 07:13:41', 'manajer');

--
-- Indexes for dumped tables
--

--
-- Indexes for table `customers`
--
ALTER TABLE `customers`
  ADD PRIMARY KEY (`id`),
  ADD KEY `customers_olt_id_foreign` (`olt_id`);

--
-- Indexes for table `failed_jobs`
--
ALTER TABLE `failed_jobs`
  ADD PRIMARY KEY (`id`),
  ADD UNIQUE KEY `failed_jobs_uuid_unique` (`uuid`);

--
-- Indexes for table `migrations`
--
ALTER TABLE `migrations`
  ADD PRIMARY KEY (`id`);

--
-- Indexes for table `notifications`
--
ALTER TABLE `notifications`
  ADD PRIMARY KEY (`id`);

--
-- Indexes for table `olts`
--
ALTER TABLE `olts`
  ADD PRIMARY KEY (`id`);

--
-- Indexes for table `password_reset_tokens`
--
ALTER TABLE `password_reset_tokens`
  ADD PRIMARY KEY (`email`);

--
-- Indexes for table `personal_access_tokens`
--
ALTER TABLE `personal_access_tokens`
  ADD PRIMARY KEY (`id`),
  ADD UNIQUE KEY `personal_access_tokens_token_unique` (`token`),
  ADD KEY `personal_access_tokens_tokenable_type_tokenable_id_index` (`tokenable_type`,`tokenable_id`);

--
-- Indexes for table `users`
--
ALTER TABLE `users`
  ADD PRIMARY KEY (`id`),
  ADD UNIQUE KEY `users_email_unique` (`email`);

--
-- AUTO_INCREMENT for dumped tables
--

--
-- AUTO_INCREMENT for table `customers`
--
ALTER TABLE `customers`
  MODIFY `id` bigint(20) UNSIGNED NOT NULL AUTO_INCREMENT, AUTO_INCREMENT=601;

--
-- AUTO_INCREMENT for table `failed_jobs`
--
ALTER TABLE `failed_jobs`
  MODIFY `id` bigint(20) UNSIGNED NOT NULL AUTO_INCREMENT;

--
-- AUTO_INCREMENT for table `migrations`
--
ALTER TABLE `migrations`
  MODIFY `id` int(10) UNSIGNED NOT NULL AUTO_INCREMENT, AUTO_INCREMENT=15;

--
-- AUTO_INCREMENT for table `notifications`
--
ALTER TABLE `notifications`
  MODIFY `id` bigint(20) UNSIGNED NOT NULL AUTO_INCREMENT, AUTO_INCREMENT=35;

--
-- AUTO_INCREMENT for table `olts`
--
ALTER TABLE `olts`
  MODIFY `id` bigint(20) UNSIGNED NOT NULL AUTO_INCREMENT, AUTO_INCREMENT=17;

--
-- AUTO_INCREMENT for table `personal_access_tokens`
--
ALTER TABLE `personal_access_tokens`
  MODIFY `id` bigint(20) UNSIGNED NOT NULL AUTO_INCREMENT;

--
-- AUTO_INCREMENT for table `users`
--
ALTER TABLE `users`
  MODIFY `id` bigint(20) UNSIGNED NOT NULL AUTO_INCREMENT, AUTO_INCREMENT=8;

--
-- Constraints for dumped tables
--

--
-- Constraints for table `customers`
--
ALTER TABLE `customers`
  ADD CONSTRAINT `customers_olt_id_foreign` FOREIGN KEY (`olt_id`) REFERENCES `olts` (`id`) ON DELETE CASCADE;
COMMIT;

/*!40101 SET CHARACTER_SET_CLIENT=@OLD_CHARACTER_SET_CLIENT */;
/*!40101 SET CHARACTER_SET_RESULTS=@OLD_CHARACTER_SET_RESULTS */;
/*!40101 SET COLLATION_CONNECTION=@OLD_COLLATION_CONNECTION */;
